id,question,answer
0,"What are the admission requirements for international students at the University of California, Berkeley?","Admission requirements for international freshman applicants to UC Berkeley include:

1. Completion of secondary/high school education:  This is equivalent to the U.S. high school diploma. Specific requirements vary by country.  Applicants must demonstrate strong academic performance in a rigorous college-preparatory curriculum.

2.  Meeting minimum GPA requirements: While UC Berkeley doesn't have a stated minimum GPA, they expect a strong academic record, generally a 3.4 GPA or higher for California residents and even higher for non-residents and international applicants is competitive.

3. Standardized testing:  While standardized tests are not required, they are not prohibited.  If you choose to submit scores, they will be considered as part of a holistic review.

4. English language proficiency:  International applicants from non-English speaking countries must demonstrate English proficiency. This can be achieved through various tests, such as TOEFL, IELTS, or Duolingo English Test, with specific minimum scores required.  Exceptions are made for students who have attended an English-medium school for a specific period.

5. Completion of required high school subjects (A-G courses):  These are specific subject areas required for admission to the University of California system, including history/social science, English, mathematics, laboratory science, language other than English, visual and performing arts, and college-preparatory elective.

6. Application components:  The application itself includes transcripts, extracurricular activities, personal insight questions (essays), and letters of recommendation (not typically required for freshman applicants).


It's crucial to visit UC Berkeley's international admissions website for the most accurate and updated details.  The requirements can change, and it's best to confirm directly from the official source."
1,What is the application deadline for international students?,"Application deadlines for international students vary by university and program.  You must check the specific university and program website for their deadlines.  Look for an ""International Applicants"" or ""Admissions"" section.  Deadlines often differ for undergraduate, graduate, and various professional programs. There may also be different deadlines for early action, early decision, and regular decision."
2,"What English language proficiency tests are accepted (TOEFL, IELTS, Duolingo)?","It depends on the university.  You'll need to check each university's admissions requirements for international students.  Most universities accept TOEFL and IELTS, and a growing number accept Duolingo English Test. Some may also accept PTE Academic.  You should look at the specific requirements for the programs you are interested in, as requirements can sometimes vary.  Don't just rely on general admissions information."
3,"What are the average test scores (SAT, ACT, GRE, GMAT) for admitted students?","Average test scores vary significantly by university and program.  You must specify which university and which program (undergraduate, specific master's, MBA, etc.) you are interested in to get a meaningful answer.  Many universities also publish this information on their admissions or program webpages."
4,"What is the acceptance rate for international students at the University of California, Berkeley?","I don't know.  While UC Berkeley publishes overall undergraduate admission rates, they do not publish acceptance rates specifically for international students."
5,What financial aid options are available for international students?,"International students have limited financial aid options compared to domestic students.  These primarily include:

* **Merit-based scholarships:**  Many universities offer scholarships based on academic achievement, athletic talent, musical ability, or other specific skills. These are often the most common form of aid for international students and are highly competitive.  Check individual university websites for specific offerings.

* **Need-based scholarships:** Some universities offer limited need-based financial aid to international students, though this is less common.  The requirements and availability vary significantly between institutions.  Be sure to research each university's policy on international student need-based aid.

* **Private scholarships:**  International students can also seek scholarships from private organizations, foundations, and companies.  Resources like EducationUSA and international scholarship databases can help with this search.

* **International student loans:** While less common and often requiring a U.S. co-signer, international student loans are available from some financial institutions.  Eligibility requirements vary.

* **On-campus employment:**  International students can often work part-time on campus while studying.  However, earnings are typically limited and may not cover the full cost of attendance.  Regulations regarding on-campus work for international students should be checked with the specific university.

* **External funding from home country:**  Many students receive funding from their home government, sponsoring agencies, or other organizations in their home country.


It is crucial for international students to research each university's specific financial aid policies and deadlines as they vary significantly.  Starting the application process early is highly recommended to maximize aid opportunities."
6,"Are there scholarships specifically for international students at the University of California, Berkeley?","Yes, there are scholarships specifically for international students at UC Berkeley, though they are limited and highly competitive.  International students are eligible for some privately funded scholarships, and some departments may offer their own funding opportunities.  Information on funding for international students can be found on the Berkeley International Office website and the Financial Aid and Scholarships Office website.  It's crucial to note that UC Berkeley does not offer need-based financial aid to undergraduate international students.  International students should explore external scholarship opportunities as well."
7,"How much does it cost to attend the University of California, Berkeley (tuition, fees, living expenses)?","For the 2023-2024 academic year, the estimated cost of attendance for California residents attending UC Berkeley is $40,162. This includes $14,454 for tuition and fees, $1,860 for books and supplies, $17,574 for room and board, $1,920 for personal expenses, and $4,354 for transportation.

For non-resident students, the estimated cost of attendance is $72,388.  The additional $32,226 reflects the non-resident supplemental tuition."
8,Can I work part-time while studying in the US?,"International students on an F-1 visa can work part-time on campus for up to 20 hours per week while school is in session, and full-time during breaks and holidays.  After the first academic year, they may be eligible for off-campus employment authorization (like Curricular Practical Training or Optional Practical Training) which has specific requirements and restrictions."
9,What is the process for obtaining a student visa (F-1)?,"1. Apply to and be accepted by a Student and Exchange Visitor Program (SEVP)-certified school (a school authorized by the U.S. government to issue Form I-20).  You'll receive Form I-20, “Certificate of Eligibility for Nonimmigrant Student Status,” from your school once you're accepted and have paid the required SEVIS fee.

2. Pay the SEVIS I-901 Fee.  This fee is mandated by the Department of Homeland Security and supports the Student and Exchange Visitor Information System (SEVIS).

3. Complete the Online Nonimmigrant Visa Application, Form DS-160.  This is the online application for all nonimmigrant visas.

4. Schedule your visa interview. Contact the nearest U.S. embassy or consulate to schedule an interview.  Wait times for interview appointments vary by location, season, and visa category, so you should apply for your visa early.

5. Compile required documentation for the interview. This typically includes:

* A valid passport.
* Your Nonimmigrant Visa Application, Form DS-160 confirmation page.
* Application fee payment receipt.
* Photo.
* Form I-20.
* Academic transcripts and diplomas.
* Standardized test scores (if required).
* Proof of financial support (demonstrating you can afford tuition, living expenses, and travel).
* Any other documents requested by the specific U.S. embassy or consulate.

6. Attend the visa interview. Be prepared to answer questions about your study plans, financial resources, and ties to your home country.

7.  If your visa is approved, you will be informed when and how your passport and visa will be returned to you.

8.  Enter the United States.  You can enter the U.S. up to 30 days before your program start date as indicated on your I-20. You must present your visa and I-20 to the immigration officer at the port of entry."
10,"How do I find on-campus housing at the University of California, Berkeley?","On-campus housing at UC Berkeley is guaranteed for all incoming freshmen and transfer students.  Freshmen apply for housing through the housing portal after they confirm their intent to enroll.  Transfer students have a separate application process, also through the housing portal, with deadlines typically in June.  Continuing undergraduate students participate in a separate returning student application process each year, usually in the spring.  Specific information on deadlines and processes can be found on the UC Berkeley Housing website.  Graduate students should refer to the Graduate Division's housing resources, as their application process is separate and handled differently."
11,"What are the options for off-campus housing near the University of California, Berkeley?","UC Berkeley doesn't offer official off-campus housing, but they have a very helpful Off-Campus Housing Office website (och.berkeley.edu) to assist students in finding accommodation.  This website offers resources like listings, neighborhood guides, advice on leases, roommate matching services, and information about tenant rights. Students can find a wide variety of options near campus, including apartments, shared houses, studios, and sublets.  Popular neighborhoods near campus include Downtown Berkeley, Southside, Northside, and Elmwood.  Various real estate websites and local property management companies also list available properties in these areas. The cost and availability of off-campus housing vary greatly depending on the type of accommodation, location, and size.  It's recommended to start searching early and consider factors like proximity to campus, budget, and transportation options."
12,"What is the academic calendar like at the University of California, Berkeley?","The University of California, Berkeley operates on a semester system.  The academic year typically begins in late August with the Fall semester and ends in mid-May with the Spring semester.  There is also a Summer session that offers a variety of courses and programs.  Specific dates for academic and administrative deadlines, including the start and end of instruction, holidays, and exam periods, vary slightly from year to year and are published on the Berkeley Academic Guide website.  You can find the most up-to-date academic calendar on the Office of the Registrar website."
13,"What are the different academic programs offered at the University of California, Berkeley?","UC Berkeley offers a wide range of academic programs through its 14 colleges and schools:

* **College of Chemistry:** Chemical and Biomolecular Engineering; Chemistry; Chemical Biology
* **College of Engineering:**  Bioengineering; Civil and Environmental Engineering; Electrical Engineering and Computer Sciences; Industrial Engineering and Operations Research; Materials Science and Engineering; Mechanical Engineering; Nuclear Engineering
* **College of Environmental Design:** Architecture; City and Regional Planning; Environmental Design; Landscape Architecture
* **College of Letters and Science:**  African American Studies; American Studies; Ancient Greek and Roman Studies; Anthropology; Arabic; Architecture (concurrent program with CED); Art History; Art Practice; Asian American and Asian Diaspora Studies; Asian Studies; Astrophysics; Astronomy; Biochemistry; Biology; Celtic Studies; Chicano/Latino Studies; Chinese; Classical Civilizations; Cognitive Science; Comparative Literature; Computer Science; Data Science; Design; Development Studies; Dutch Studies; Earth and Planetary Science; East Asian Languages and Cultures; Economics; Education; English; Environmental Design (concurrent program with CED); Environmental Economics and Policy; Environmental Sciences; Ethnic Studies; Film & Media; French; Gender and Women's Studies; Geography; German; Global Studies; History; History of Art; Integrative Biology; Italian Studies; Jewish Studies; Landscape Architecture (concurrent program with CED); Legal Studies; Linguistics; Mathematics; Media Studies; Medieval Studies; Middle Eastern and South Asian Studies and Cultures; Molecular and Cell Biology; Music; Near Eastern Studies; Nutritional Sciences & Toxicology; Philosophy; Physical Geography; Physics; Plant and Microbial Biology; Political Economy; Political Science; Psychology; Public Health; Religious Studies; Rhetoric; Scandinavian; Slavic Languages and Literatures; Sociology; South & Southeast Asian Studies; Spanish; Spanish and Portuguese; Statistics; Theater, Dance, and Performance Studies.
* **College of Natural Resources:**  Conservation and Resource Studies; Environmental Economics and Policy; Environmental Sciences; Forestry and Natural Resources; Genetics and Plant Biology; Microbial Biology; Molecular Environmental Biology; Nutritional Sciences; Society and Environment
* **Graduate School of Education**
* **Goldman School of Public Policy**
* **Haas School of Business:** Business Administration (Undergraduate and Graduate programs)
* **Rausser College of Natural Resources:** See above ""College of Natural Resources""  (name recently changed)
* **School of Information:** Information and Data Science; Information Management and Systems; Information Science
* **School of Journalism**
* **School of Law**
* **School of Optometry**
* **School of Public Health**


It's important to note that this list might not be exhaustive and some specific concentrations or specializations might exist within these broader programs.  Always refer to the official UC Berkeley website and the specific college/school website for the most accurate and up-to-date information."
14,"What is the reputation of the University of California, Berkeley in my field of study?",I don't know. You haven't specified your field of study. Please provide your field of study so I can research UC Berkeley's reputation in that area.
15,"How do I contact the admissions office at the University of California, Berkeley?","UC Berkeley's undergraduate admissions contact information is best found on their ""Contact Us"" page (https://admissions.berkeley.edu/contact-us/).  They recommend using their online portal for the quickest response to inquiries. For specific questions about applications, you can email appquestions@berkeley.edu.  They also offer phone appointments and virtual advising.  For general inquiries, you can call (510) 642-3175.  Graduate admissions contact information varies by department and can be found by searching the specific program on the Graduate Division's website."
16,Can I defer my admission if I am accepted?,"Deferral policies vary significantly between universities and sometimes even between programs within the same university.  You must check the specific deferral policy of the program you are admitted to at the university you plan to attend.  Generally, deferrals are not automatic and require a formal request with a compelling reason, such as mandatory military service, a serious illness, or other significant personal circumstances. Contact the admissions office of the specific university and program you are interested in to learn about their deferral policy."
17,"What is the student culture like at the University of California, Berkeley?","UC Berkeley's student culture is known for being intense, driven, and politically active.  Students are passionate about their studies and extracurricular pursuits, contributing to a competitive academic environment.  There's a strong emphasis on intellectual curiosity and debate.  Alongside this intensity, there's a vibrant and diverse student body with a wide range of interests, fostering numerous clubs and organizations catering to various hobbies, cultural backgrounds, and social causes.  Political activism has a long history at Berkeley, and students frequently engage in protests and social justice movements.  While the academic pressure can be demanding, there's also a collaborative spirit, with students supporting each other through study groups and peer tutoring.  The campus offers a bustling social scene, with events, performances, and a lively Greek life.  Berkeley's location in the Bay Area provides access to a rich cultural landscape, including museums, music venues, and diverse culinary experiences, further enriching the student experience.  Overall, the culture is dynamic and stimulating, offering students the opportunity to grow academically, personally, and socially."
18,"Are there specific support services for international students at the University of California, Berkeley?","Yes, UC Berkeley offers a wide range of support services specifically designed for international students.  The Berkeley International Office (BIO) is the primary resource and provides support with visa and immigration matters, academic advising, cultural adjustment, and social programming.  They offer pre-arrival webinars, orientation programs, and ongoing advising throughout a student's time at Berkeley.  Beyond the BIO, there are also resources like the International Student Peer Mentor Program, which pairs new international students with current students, and various cultural clubs and organizations that provide opportunities to connect with other international students and the broader campus community."
19,"How can I connect with current international students at the University of California, Berkeley?","Several ways exist to connect with current international students at UC Berkeley.  You can contact the Berkeley International Office (BIO).  They offer advising and programs for international students and may be able to facilitate connections.  Student organizations are another excellent resource.  Many cultural, regional, and interest-based clubs exist on campus, and many include international students.  The UC Berkeley website has a student organization directory.  You could also explore the websites or social media pages of specific departments or programs you are interested in; they might have information on contacting current students. Finally, consider reaching out to your admissions counselor. They might be able to provide some suggestions."
20,"What are the career prospects for graduates of the University of California, Berkeley?","UC Berkeley graduates pursue a wide range of careers.  Popular career paths include software and web developers, business analysts, project managers, financial analysts, management consultants, marketing associates, and research scientists.  Many graduates also pursue advanced degrees in fields like law, medicine, business, and engineering.  Top employers of Berkeley graduates include companies like Google, Amazon, Microsoft, Facebook (Meta), Apple, Goldman Sachs, McKinsey & Company, Boston Consulting Group, and various government agencies and non-profit organizations.  The university's career center provides resources like career counseling, networking events, and job fairs to assist students in their career search.  Ultimately, career prospects vary depending on the student's major, skills, experience, and career goals."
21,What is the process for transferring credits from my previous institution?,"The process for transferring credits varies between US universities.  Generally, you'll need to submit official transcripts from all previously attended post-secondary institutions to the university you wish to transfer to.  The university's admissions or registrar's office will then evaluate your transcripts to determine which courses are eligible for transfer credit.  Factors they consider include the course content, grades earned, and accreditation of your previous institution.  Some universities require a minimum grade (e.g., C or better) for a course to be transferable.  They might also have restrictions on the number of credits that can be transferred, or specific requirements for certain majors or programs.  It's crucial to contact the admissions office of each university you're applying to for their specific transfer credit policies and procedures.  Look for information on their websites under ""Admissions,"" ""Transfer Students,"" or ""Registrar.""  You might also find transfer credit equivalency databases or guides on some university websites that show how courses from other institutions map to their own courses."
22,"Are there opportunities for research or internships at the University of California, Berkeley?","Yes, there are extensive opportunities for research and internships at the University of California, Berkeley.  The university strongly encourages undergraduate research and offers programs like the Undergraduate Research Apprentice Program (URAP) which connects students with faculty mentors.  There are also numerous research centers and institutes across various disciplines that offer opportunities.  For internships, the Career Center provides resources like Handshake and career counseling to help students find internships in a wide range of fields, both locally and nationally.  Many academic departments also facilitate internships related to their fields of study."
23,"What is the size of the classes at the University of California, Berkeley?","UC Berkeley offers a wide range of class sizes, from small seminars with fewer than 20 students to large lecture courses with hundreds of students.  The average class size is 36, and about 70% of undergraduate classes have fewer than 40 students.  However, introductory courses in popular subjects can be quite large."
24,"How do I choose the right program for me at the University of California, Berkeley?","Choosing the right program at UC Berkeley depends on your academic interests, career goals, and personal preferences. Here's a breakdown of how to approach this decision:

1. Explore Academic Interests:  UC Berkeley offers a wide range of undergraduate and graduate programs. Start by identifying your academic passions.  Browse the academic departments and colleges on the Berkeley website (berkeley.edu) to see what sparks your interest.  Read program descriptions, course listings, and faculty profiles. Consider what subjects you enjoy and excel in.

2. Define Career Goals: Think about your long-term career aspirations.  Do you have a specific profession in mind? Research which programs align with your career goals.  The Career Center at Berkeley can be a valuable resource for exploring career options related to different majors.

3. Consider Program Structure and Requirements:  Review the curriculum, required courses, and program structure for programs that interest you. Some programs are highly structured, while others offer more flexibility. Consider your learning style and preferences. Look into research opportunities, internships, and study abroad programs associated with the program.

4. Research Faculty:  Faculty play a crucial role in your learning experience.  Look into the faculty members associated with the programs you're considering.  Read their bios, research interests, and publications.  See if their expertise aligns with your academic interests.

5. Visit Campus (If Possible):  If you have the opportunity, visiting the campus can provide valuable insights. Attend information sessions, tour facilities, and talk to current students.  This can give you a better feel for the campus environment and program culture.

6. Utilize Campus Resources:  UC Berkeley offers various resources to help you choose the right program.  Contact the academic advising office for each department you're interested in. They can provide personalized guidance and answer your specific questions.  Attend online or in-person events and webinars hosted by the university.

7. Explore Undergraduate vs. Graduate Programs:  Distinguish between undergraduate and graduate programs. Undergraduate programs provide a broad foundation in a chosen field, while graduate programs offer specialized knowledge and research opportunities. Determine which level aligns with your academic and career goals.

8. Consider Program Size and Culture:  Think about whether you prefer a smaller program with more individual attention or a larger program with a diverse student body. Research the program's culture and see if it aligns with your personality and learning style.

9. Review Admission Requirements:  Check the specific admission requirements for each program, including GPA, standardized test scores (if required), prerequisite courses, and application deadlines. Make sure you meet the eligibility criteria before applying.


By carefully considering these factors and utilizing the resources available, you can make an informed decision and choose the right program for you at UC Berkeley."
25,"What is the faculty-to-student ratio at the University of California, Berkeley?",The current student-to-faculty ratio at UC Berkeley is 19:1.
26,"What are the graduation requirements at the University of California, Berkeley?","To graduate from UC Berkeley, students must fulfill the following requirements:

1. Complete a minimum number of units:  120 semester units or 180 quarter units.  Most majors also have specific unit minimums, often exceeding this campus-wide minimum.

2.  Complete the requirements of a declared major.  This includes specific courses, a minimum GPA within the major, and any other requirements stipulated by the department.

3. Satisfy the University's seven course breadth requirements, covering a range of academic disciplines. These include Physical Sciences, Biological Sciences, Quantitative Reasoning, Arts and Literature, International Studies, Historical Studies, and Values and Ethics. Some majors may have approved substitutions for certain breadth requirements.

4. Meet the American History and Institutions requirement, which can be fulfilled through specific courses, passing certain AP exams, or by examination.

5.  Achieve a minimum overall GPA of 2.00 (C average) in all courses taken at UC Berkeley. Some majors may require a higher GPA.

6. Satisfy any additional college or school requirements, if applicable, such as specific course requirements or a higher GPA for particular colleges like the College of Engineering or the College of Chemistry.

7.  Complete at least 36 of the final 45 units in residence at UC Berkeley. This means that at least 36 of the last 45 units counting toward the degree must be taken in courses administered by UC Berkeley faculty.

8. File an Application for Graduation by the published deadlines.

It's essential to consult with an academic advisor throughout your time at UC Berkeley to ensure you are on track to meet graduation requirements.  Requirements can vary slightly depending on your college and major, and it's always best to get personalized guidance."
27,Are there any prerequisite courses I need to take before applying?,"It depends on the program and university you're applying to.  Most undergraduate programs don't have specific required courses for application, though a strong high school background in core subjects (math, science, English, social studies, and foreign language) is expected.  Highly competitive programs or specific majors (like engineering or nursing) may recommend or require certain high school courses.  For graduate programs, prerequisites vary significantly.  Some programs require specific undergraduate coursework, while others may recommend certain courses.  You must check the specific admission requirements for each program you're interested in on the university's official website."
28,"Can I visit the University of California, Berkeley campus?","Yes, UC Berkeley offers both self-guided tours and guided campus tours.  Information can be found on the UC Berkeley Visitor and Parent Services website."
29,How do I submit my transcripts and other required documents?,"The process for submitting transcripts and other required documents varies by university.  Generally, you'll submit them through one of the following methods:

1. Electronically through the application platform (e.g., Common Application, Coalition Application) or directly to the university's online application portal.  Many universities prefer electronic transcripts sent directly from your school through services like Parchment, National Student Clearinghouse, or similar platforms.

2. Mail official hard copies directly to the university's admissions office.  Ensure these are official documents sent directly from your institution, often in sealed and signed envelopes. Check each university’s specific mailing address for application materials as it might differ from the general university address.

3. Through an official credential evaluation service if you're an international student. Some universities require this for transcripts from non-U.S. institutions. This evaluation translates your academic records into a U.S. equivalent.


Always check the specific application instructions for each university you're applying to.  Look for an ""Application Requirements"" or ""How to Apply"" section on their admissions website.  This section will outline their preferred method of submission and any specific instructions.  If in doubt, contact the admissions office directly."
30,What is the difference between early action and regular decision?,"Early Action is a non-binding application deadline, meaning if accepted, you are not obligated to attend that school. You can still apply to other colleges and compare financial aid offers before making your final decision, typically by May 1st.  Regular Decision is also a non-binding application deadline, but it's later in the application cycle.  The main difference is the timing: Early Action deadlines usually fall between mid-October and mid-November, while Regular Decision deadlines are typically in early January.  You'll receive your decision earlier with Early Action (usually by mid-December), allowing more time to consider your options if you're not accepted.  Regular Decision notifications generally arrive by late March or early April.  Some schools also offer a Restrictive Early Action (REA) option, which *is* binding – meaning if you're accepted, you must attend.  REA usually restricts you from applying Early Action or Early Decision to other private universities."
31,What if my academic records are not in English?,"Your academic records (transcripts, diplomas, graduation certificates, etc.) must be officially translated into English if they were originally issued in a language other than English.  Many universities require a certified translation performed by a professional translation service or your institution.  Some universities may accept translations done by a school official, but it's crucial to verify the specific requirements of each institution where you are applying.  In addition to the translated copies, some universities may also require that you submit the original documents in their original language."
32,How important are extracurricular activities in the application process?,"Extracurricular activities are a significant factor in the US university application process, demonstrating a student's interests, passions, commitment, leadership potential, and contributions beyond academics. While academic achievement remains crucial, extracurriculars provide valuable context and showcase a student's well-rounded personality.  They offer insights into time management, teamwork, dedication, and specific talents or interests.  Selective colleges, in particular, look for students who have pursued their passions deeply, showing sustained involvement and leadership roles within their chosen activities. While the specific weight given to extracurriculars varies between institutions, they are generally considered an important component in evaluating the overall applicant profile."
33,What is the average class rank of admitted students?,"Average class rank varies significantly between universities.  It's not a statistic universally published by all institutions.  For highly selective universities, a large percentage of admitted students are typically within the top 10% of their graduating class.  For less selective institutions, the average class rank is lower, and some universities don't consider rank at all.  You should research the specific universities you are interested in to see if they publish this data.  Often, universities will share the middle 50% class rank range of admitted students."
34,Can I apply to multiple universities in the US?,"Yes, you can apply to multiple universities in the US.  There's no limit imposed by the universities or the application systems (like Common App or Coalition App) on how many schools you can apply to.  However, each application will require its own application fee and essays, so it's important to be strategic about where you apply."
35,What are the health insurance requirements for international students?,"International students at US universities are almost universally required to have health insurance that meets specific university requirements. These requirements vary by institution but generally include minimum coverage amounts for things like hospitalization, surgery, and emergency care.  Many universities offer their own student health insurance plans that automatically enroll international students unless they can prove they have comparable coverage through another provider.  Students should check their prospective university's website for specific requirements, waiver processes, and insurance plan details.  Simply having some form of insurance from your home country is often not sufficient, as it may not meet the coverage levels or specific requirements of the US university.  Waiver processes usually involve demonstrating that an existing plan provides comparable coverage to the university's plan."
36,How do I open a bank account in the US?,"Opening a bank account in the US generally involves these steps:

1. Choose a bank or credit union: Research different institutions and compare their account types, fees, ATM access, and online banking features.  Consider factors like convenience, customer service, and any specific services you may need.

2. Gather required documents:  You'll typically need two forms of identification, such as a passport and visa, your I-20 or DS-2019 (if you're an international student), and proof of US address (which can sometimes be a challenge for newcomers).  Some banks may also require a Social Security number (SSN) or Individual Taxpayer Identification Number (ITIN), although it's increasingly common for banks to offer options for those without an SSN.

3.  Apply for the account:  You can often apply online, in person at a branch, or sometimes by phone.  Be prepared to provide the information from your collected documents.

4.  Make your initial deposit:  Once your account is approved, you'll usually need to make an initial deposit to activate it.  The minimum deposit amount varies by bank and account type.


For international students specifically, it's recommended to contact the university's international student office. They often have partnerships with local banks and can provide guidance on opening an account without an SSN.  They can also help with providing necessary documentation or connecting you with resources to establish a US address."
37,"What are the transportation options near the University of California, Berkeley?","UC Berkeley is well-served by public transportation and other options:

* **BART (Bay Area Rapid Transit):** The Downtown Berkeley BART station provides direct access to San Francisco, Oakland, and other parts of the Bay Area.  The station is a short walk or bus ride from campus.

* **AC Transit Buses:**  Numerous AC Transit bus lines serve the campus and surrounding areas, connecting to various parts of Berkeley, Oakland, and beyond.

* **Free Campus Shuttle:**  UC Berkeley operates a free shuttle system called Bear Transit, which circulates around campus and connects to nearby areas like downtown Berkeley and the BART station.

* **Walking and Biking:** Berkeley is a pedestrian and bicycle-friendly city. Many students walk or bike to campus and around the city. Secure bike parking is available on campus.

* **Car Sharing:** Services like Zipcar and Gig Car Share are available in Berkeley, providing an alternative to car ownership.

* **Driving and Parking:** Parking on campus is limited and expensive.  Permits are required and often have waitlists.  There are some public parking garages and street parking options near campus, but availability can be challenging."
38,"What is the climate like in Berkeley, California?","Berkeley, California has a Mediterranean climate, characterized by mild, wet winters and warm, dry summers.  Average temperatures range from the mid-40s (°F) in winter to the mid-70s (°F) in summer.  Fog is common, especially during summer mornings and evenings. Rainfall typically occurs between November and April."
39,Are there any specific cultural adjustments I should be prepared for?,"Adapting to US university life involves several cultural adjustments.  Academically, expect a focus on class participation, critical thinking, and independent research.  Socially, you'll encounter a diverse student body, a more informal interaction style with professors, and an emphasis on extracurricular involvement.  Practical adjustments include navigating a new city or town, managing finances independently, understanding healthcare systems, and potentially dealing with homesickness.  The specific adjustments will depend on your background and the university's environment. Researching the specific university and connecting with current international students can offer valuable insights into the unique cultural nuances you might encounter."
40,"How safe is the campus and surrounding area of the University of California, Berkeley?","UC Berkeley, like any urban environment, faces safety and security challenges.  The campus itself has a robust security system including UCPD, campus security patrols, emergency alert systems, and safety escorts.  However, the surrounding city of Berkeley does experience crime, including property crime like theft and some violent crime.  Students are advised to be aware of their surroundings, take precautions like locking doors and bikes, and utilize campus safety resources.  The university provides resources and information about safety on its website and encourages students to be proactive about their personal safety.  While the campus invests in safety measures, it's important for prospective students to understand that the off-campus environment presents certain risks common to urban areas."
41,Are there religious facilities or organizations on campus?,"It depends on the university.  Most US universities, both public and private, have a variety of religious facilities and organizations on campus.  You can usually find information about specific organizations and facilities on the university's website, often under the ""Student Life,"" ""Spiritual Life,"" or ""Religious Life"" sections.  Some universities have dedicated chapels or interfaith centers, while others may offer prayer rooms or designated spaces for religious gatherings.  Many different faith traditions are typically represented through student organizations.  It's best to check the specific university's website for the most accurate and up-to-date information."
42,What are the options for dining on campus?,This question lacks context.  I need to know *which* campus you're asking about to answer this question. Please specify the university.
43,Are there opportunities to participate in student clubs and organizations?,"Yes, there are almost always opportunities to participate in student clubs and organizations at US universities.  Nearly every university has a wide variety of student-run clubs and organizations catering to diverse interests, from academic and professional fields to hobbies, arts, culture, sports, politics, and community service.  You can typically find information about specific clubs and organizations on a university's website, often under the ""Student Life,"" ""Student Activities,"" ""Campus Life,"" or ""Get Involved"" sections.  Many universities also have student activity fairs or involvement expos early in the academic year to showcase the available options."
44,Can my family visit me while I am studying in the US?,"Yes, your family can generally visit you while you are studying in the US. They will need to apply for a B-2 tourist visa.  The application process involves completing the DS-160 form, paying the application fee, scheduling an interview at a US embassy or consulate, and providing documentation such as proof of ties to their home country, financial stability, and the purpose of their visit (to visit you).  The success of the visa application depends on convincing the consular officer that they intend to return home after their visit.  It's important to note that having a family member studying in the US doesn't guarantee visa approval."
45,What is the process for renewing my student visa?,"You cannot renew a student visa.  Student visas (F-1 and M-1) can only be renewed outside of the U.S.  You must apply for a new student visa at a U.S. embassy or consulate in your home country or another country you are legally residing in.  However, you can maintain your F-1 or M-1 status while in the U.S. by ensuring your I-20 or DS-2019 remains valid, following all visa regulations, and maintaining a full course of study. If your current visa expires while you are in the U.S., but your SEVIS record and I-20/DS-2019 are still valid, you generally do not need to apply for a new visa as long as you remain in the U.S.  You will need a valid visa to re-enter the U.S. after traveling abroad."
46,Can I travel within the US while on a student visa?,"Yes, you can travel within the U.S. while on a student visa (F-1 or M-1).  Make sure you have your valid passport, I-20 or DS-2019 form, and I-94 record with you."
47,What support is available for students with disabilities?,"Support for students with disabilities varies widely by university.  To get specific information, you MUST visit the Disability Services or Student Accessibility Services office website for the particular university you're interested in.  Generally, universities offer accommodations like extended testing time, note-taking assistance, assistive technology, accessible housing, and sign language interpreters.  Documentation of your disability is usually required to access these services.  Contact the disability services office at each university directly to discuss your specific needs and the required documentation process."
48,"How do I contact the international student office at the University of California, Berkeley?","The best way to contact the Berkeley International Student Program (BISP) at UC Berkeley depends on your needs.  For general inquiries, their website recommends emailing bisp@berkeley.edu. They also have a virtual advising option where you can schedule appointments.  For specific advising needs, they encourage checking their website for advisor assignments and contact information as it can vary.  Their physical location is International House, 2299 Piedmont Avenue, Berkeley, CA, and their main phone number is 510-642-7218.  It's strongly recommended to check the BISP website directly for the most up-to-date contact information."
49,What are the post-graduation work opportunities for international students in the US?,"International students in the U.S. after graduating can typically pursue Optional Practical Training (OPT), which allows them to work for 12 months related to their field of study.  STEM (Science, Technology, Engineering, and Mathematics) graduates often qualify for a 24-month STEM OPT extension.  After OPT, many international students seek H-1B visas, which are employer-sponsored visas for specialty occupations.  These require the employer to go through a lottery process.  Other options include the O-1 visa for individuals with extraordinary ability or achievement,  L-1 visas for intracompany transferees, and pursuing further studies like a Master's or PhD which would grant them a student visa again.  Finding a U.S. employer willing to sponsor a visa is often key for long-term work opportunities."
