2025,2024,Institution,Country / Territory,Academic,AR Rank,Employer,ER Rank,Citations,CPP Rank,H,H Rank,IRN,IRN Rank,Score
1,1,Harvard University,United States of America,100.0,1,100.0,1,93.7,11=,100.0,1,100.0,1,98.7
2,2,University of Oxford,United Kingdom,96.4,3,98.6,4,93.7,11=,88.7,7=,93.3,2,94.2
3,3,Johns Hopkins University,United States of America,99.6,2,83.2,30,91.2,29,90.7,3,92.5,3,93.8
4,4,Stanford University,United States of America,93.9,6,97.1,6,93.7,11=,91.5,2,82.7,20=,92.6
5,5,Massachusetts Institute of Technology (MIT),United States of America,91.8,8,99.8,2,100.0,1,86.9,12,71.4,86,91.2
6,6,University of Cambridge,United Kingdom,95.6,4,98.5,5,92.6,20=,83.0,28,74.7,59,90.7
7,8,"University of California, San Francisco (UCSF)",United States of America,92.7,7,73.1,92=,93.5,15,89.7,5=,91.4,5,90.2
8,7,Imperial College London,United Kingdom,89.2,12,89.3,12,93.9,8=,89.7,5=,87.3,10,90.1
9,9,UCL,United Kingdom,88.3,14=,83.9,28,94.5,6,90.2,4,87.4,9,89.4
10,10,Karolinska Institute,Sweden,95.0,5,76.9,66,89.1,58,83.3,26,82.8,18=,88.5
11,12,King's College London,United Kingdom,88.3,14=,78.2,50,92.6,20=,85.9,17=,91.7,4,88.0
12,11,Yale University,United States of America,89.4,10=,89.2,13,90.6,35=,86.5,13=,76.3,41=,87.7
13,13,University of Toronto,Canada,86.8,18=,88.8,14,89.4,53=,88.0,9,80.9,26,87.2
14,14,"University of California, Los Angeles (UCLA)",United States of America,89.4,10=,79.5,43=,90.2,43=,85.8,19=,75.8,46=,86.5
15,18,The University of Melbourne,Australia,87.5,16,80.7,37,87.1,99=,84.3,23=,81.1,25,85.5
16,15,Cornell University,United States of America,87.3,17,83.7,29,90.4,39=,85.9,17=,68.8,104=,85.4
17,17,"University of California, San Diego (UCSD)",United States of America,86.8,18=,76.2,69,91.7,27,86.5,13=,70.8,90,85.1
18,20,University of Pennsylvania,United States of America,84.7,27,79.5,43=,90.2,43=,88.7,7=,72.5,73=,84.9
19,21,The University of Edinburgh,United Kingdom,86.6,20,82.2,33,90.5,37=,78.5,58,78.1,32,84.5
20,18,"University of California, Berkeley (UCB)",United States of America,88.8,13,92.2,9,89.0,59=,75.4,86=,66.8,125,84.3
21,16,University of Washington,United States of America,83.2,33=,71.2,111=,90.4,39=,87.4,10,82.7,20=,84.2
22,22,Duke University,United States of America,82.5,36,76.4,67=,90.5,37=,85.4,21,79.4,27,83.8
23,23,Columbia University,United States of America,81.3,42,79.9,39,91.1,30,85.8,19=,77.6,36=,83.7
24,27,The University of Sydney,Australia,84.9,26,78.1,51=,87.0,102=,81.5,36,75.9,45,83.1
25,24,University of British Columbia,Canada,83.4,30,85.1,22,85.7,130=,79.2,50=,78.0,33,82.7
26,42,Peking University,China (Mainland),86.2,21=,86.2,21,84.8,159=,82.2,33=,57.6,249=,82.3
=27,29,KU Leuven,Belgium,77.6,64=,84.2,26=,90.2,43=,81.4,37,84.5,14=,82.2
=27,25,McGill University,Canada,82.3,37,82.1,34=,88.0,75=,79.2,50=,76.2,43=,82.2
29,31,National University of Singapore (NUS),Singapore,81.4,41,90.9,10,88.7,62=,80.0,46=,65.5,138,81.9
30,40,University of Copenhagen,Denmark,81.0,44,72.2,102=,87.3,94=,82.3,32,82.1,22,81.8
31,28,University of Michigan-Ann Arbor,United States of America,78.5,59=,77.5,59=,89.0,59=,86.0,16,75.0,55=,81.7
32,30,The University of Manchester,United Kingdom,80.6,46,78.6,48,92.1,24=,77.7,62=,74.1,64,81.5
33,38,Ruprecht-Karls-Universität Heidelberg,Germany,79.9,47=,76.4,67=,88.1,74,78.9,54=,81.6,23,81.2
=34,31,Monash University,Australia,81.8,39=,74.3,80,90.1,46=,80.3,42,68.5,108=,81.1
=34,31,The University of Hong Kong,"Hong Kong SAR, China",83.3,31=,81.6,36,93.4,16,75.6,84=,58.3,237,81.1
36,40,London School of Hygiene & Tropical Medicine,United Kingdom,79.5,50,61.0,270=,92.8,18=,77.4,65=,91.0,6,81.0
37,31,The University of Queensland,Australia,84.1,28,73.3,91,84.6,165=,79.5,49,70.3,93,80.8
=38,26,Seoul National University,Republic of Korea,85.3,25,87.0,18,82.9,209=,75.9,80=,60.8,196=,80.7
=38,36,The University of Tokyo,Japan,90.1,9,88.5,15,78.3,333=,69.9,148=,61.2,189=,80.7
=38,44,Wageningen University & Research,Netherlands,86.2,21=,79.8,40=,84.9,152=,68.9,161=,75.0,55=,80.7
41,35,"University of California, Davis",United States of America,85.5,23,74.2,81,83.5,193=,74.4,93=,71.7,82=,80.4
42,50,University of Glasgow,United Kingdom,77.8,63,70.1,123=,94.6,5,77.7,62=,77.5,38,80.3
43,38,"University of North Carolina, Chapel Hill",United States of America,79.1,51=,67.2,168,87.7,83=,82.2,33=,78.4,31,80.2
44,42,Washington University in St. Louis,United States of America,77.6,64=,62.9,239=,92.2,23,84.8,22,73.8,65,80.1
45,37,University of Amsterdam,Netherlands,75.9,83=,75.6,70=,90.8,33=,80.4,41,78.7,30,80.0
46,48,Sorbonne University,France,73.1,109=,84.5,24=,87.1,99=,79.8,48,86.7,11,79.7
47,44,Universidade de São Paulo,Brazil,83.3,31=,77.2,64,76.2,378=,74.4,93=,82.8,18=,79.4
48,51,Utrecht University,Netherlands,77.0,70=,69.0,135=,88.6,67=,80.6,40,75.5,49,79.1
49,48,The Chinese University of Hong Kong (CUHK),"Hong Kong SAR, China",79.0,53=,78.0,54=,92.1,24=,76.0,79,59.6,216=,79.0
50,46,New York University (NYU),United States of America,77.0,70=,72.1,104=,90.6,35=,81.2,38,65.3,139,78.9
=51,51,ETH Zurich - Swiss Federal Institute of Technology,Switzerland,78.5,59=,99.2,3,86.8,106,72.1,117,57.1,258=,78.8
=51,64,Tsinghua University,China (Mainland),79.0,53=,86.6,19=,92.9,17,79.0,52=,41.6,401+,78.8
53,46,Ludwig-Maximilians-Universität München,Germany,79.1,51=,70.3,120=,85.8,123=,76.4,74=,74.5,60=,78.6
54,54,The University of New South Wales (UNSW Sydney),Australia,76.1,79=,77.3,62=,85.6,132=,78.9,54=,72.8,71,78.4
55,55,Universitat de Barcelona,Spain,76.7,73,73.8,87=,86.7,107=,74.7,91,77.8,35,78.1
56,62,University of Bristol,United Kingdom,75.4,91,69.5,133,96.9,2,75.1,89,64.9,143,78.0
=57,53,University of Chicago,United States of America,74.1,103=,80.3,38,91.0,31=,80.2,43=,59.8,214=,77.9
=57,60,University of Zurich,Switzerland,75.6,87=,72.2,102=,87.3,94=,77.6,64,75.0,55=,77.9
=59,69,Ghent University,Belgium,75.2,92=,71.1,113=,85.7,130=,74.6,92,85.0,13,77.8
=59,55,McMaster University,Canada,74.1,103=,69.0,135=,92.8,18=,77.1,67=,73.1,67,77.8
=59,58,Université Paris-Saclay,France,69.4,162,77.9,56,89.5,51=,84.3,23=,75.3,52,77.8
=59,68,University of Birmingham,United Kingdom,75.1,94,71.4,109,90.8,33=,73.9,99=,77.2,39,77.8
63,58,Boston University,United States of America,75.6,87=,72.7,98=,88.7,62=,76.8,72=,71.2,87,77.7
64,64,Emory University,United States of America,74.1,103=,53.3,399,89.3,55=,82.5,31,81.3,24,77.5
65,64,Northwestern University,United States of America,68.6,177=,77.7,57=,91.9,26,83.5,25,68.7,106,77.2
=66,61,Kyoto University,Japan,85.4,24,78.0,54=,79.7,290=,68.1,175=,54.0,313=,76.9
=66,57,Yonsei University,Republic of Korea,79.0,53=,82.9,32,83.1,204=,71.8,120,59.8,214=,76.9
68,67,University of Nottingham,United Kingdom,77.3,67=,70.7,118,88.5,69=,71.4,121=,68.1,114,76.8
69,81,Queen Mary University of London,United Kingdom,69.8,159,71.2,111=,95.7,3=,74.9,90,74.9,58,76.7
70,70,University of Florida,United States of America,75.0,95=,66.0,183=,81.4,243=,75.6,84=,85.7,12,76.6
71,88,Shanghai Jiao Tong University,China (Mainland),77.3,67=,78.1,51=,81.9,231=,80.0,46=,52.9,337=,76.4
72,78,University of Liverpool,United Kingdom,72.8,117,70.3,120=,87.6,85=,71.4,121=,83.2,17,76.3
=73,62,Baylor College of Medicine,United States of America,77.4,66,49.9,401+,88.0,75=,77.1,67=,71.9,81,76.2
=73,81,The University of Texas M. D. Anderson Cancer Center,United States of America,72.0,127=,49.4,401+,95.7,3=,87.3,11,58.1,239=,76.2
=75,77,Technical University of Munich,Germany,71.8,131,84.2,26=,86.7,107=,74.4,93=,65.6,136=,75.9
=75,94,Zhejiang University,China (Mainland),75.6,87=,74.0,84=,83.1,204=,78.8,56,58.7,232=,75.9
77,76,Leiden University,Netherlands,71.9,129=,64.3,212=,88.9,61,77.1,67=,74.5,60=,75.8
=78,92,Fudan University,China (Mainland),77.0,70=,74.6,77,83.5,193=,80.2,43=,47.4,401+,75.7
=78,83,The Ohio State University,United States of America,70.7,142=,68.9,137=,85.6,132=,80.2,43=,73.5,66,75.7
80,85,National Taiwan University (NTU),Taiwan,79.6,49,79.8,40=,83.7,189=,70.9,133=,47.2,401+,75.5
=81,73,Uppsala University,Sweden,74.8,97=,70.5,119,85.6,132=,71.0,129=,71.5,85,75.4
=81,85,Vanderbilt University,United States of America,67.8,192=,62.7,241,91.0,31=,82.7,30,72.2,78,75.4
=83,78,Erasmus University Rotterdam,Netherlands,70.9,139=,65.8,186=,89.3,55=,78.6,57,67.8,118,75.3
=83,71,King Abdulaziz University (KAU),Saudi Arabia,83.5,29,69.9,126=,81.5,240=,63.3,260=,59.1,227=,75.3
=83,72,University of Wisconsin-Madison,United States of America,74.2,102,73.1,92=,85.1,148=,77.1,67=,58.6,235,75.3
=86,78,Université Paris Cité,France,65.0,235=,50.6,401+,90.4,39=,86.1,15,88.3,8,75.2
=86,73,University of Alberta,Canada,71.9,129=,71.5,108,86.9,104=,74.4,93=,70.0,94,75.2
=86,73,University of Minnesota Twin Cities,United States of America,70.7,142=,69.6,132,85.5,137=,78.0,60=,73.0,68=,75.2
89,97,University of Milan,Italy,73.1,109=,67.5,161=,85.8,123=,76.4,74=,65.2,140=,75.0
90,90,University of Helsinki,Finland,73.8,106,66.0,183=,83.8,184=,72.3,113=,75.2,53=,74.9
91,84,University of Pittsburgh,United States of America,70.3,150=,51.4,401+,87.8,80=,83.2,27,73.0,68=,74.8
92,91,University of Groningen,Netherlands,70.7,142=,67.8,154=,88.0,75=,75.9,80=,67.6,119,74.6
=93,85,Newcastle University,United Kingdom,72.9,116,66.5,178=,88.7,62=,72.3,113=,64.8,144=,74.5
=93,89,The University of Auckland,New Zealand,78.5,59=,73.9,86,83.5,193=,66.6,192=,57.1,258=,74.5
=95,98,Medizinische Universität Wien,Austria,73.0,111=,59.6,296=,89.5,51=,75.4,86=,61.1,191=,74.3
=95,94,"Trinity College Dublin, The University of Dublin",Ireland,73.0,111=,78.1,51=,87.6,85=,68.3,172=,60.8,196=,74.3
97,98,University of Leeds,United Kingdom,70.3,150=,68.0,151=,88.2,73,71.2,125=,72.5,73=,74.1
98,96,University of Göttingen,Germany,72.4,122=,66.4,180=,85.8,123=,67.4,180=,77.6,36=,74.0
=99,110,Alma Mater Studiorum - University of Bologna,Italy,71.5,134,79.3,45,84.8,159=,71.0,129=,61.7,180=,73.9
=99,93,The University of Adelaide,Australia,76.4,75=,67.8,154=,85.8,123=,68.5,168=,57.3,257,73.9
=99,105,Università di Padova,Italy,70.6,145=,77.5,59=,83.6,191=,71.4,121=,69.1,101=,73.9
=102,103,Lund University,Sweden,72.0,127=,69.9,126=,83.8,184=,69.3,155=,72.3,75=,73.6
=102,117,University of Cape Town,South Africa,71.1,138,63.2,233=,84.1,177=,67.9,177,84.5,14=,73.6
=104,105,University of Basel,Switzerland,68.7,174=,58.4,314,86.7,107=,72.3,113=,84.0,16,73.5
=104,100,Vrije Universiteit Amsterdam,Netherlands,68.1,185=,63.7,223=,89.6,50,77.4,65=,65.2,140=,73.5
106,110,Mahidol University,Thailand,81.8,39=,61.8,256=,76.9,361=,59.4,341=,70.9,88=,73.3
=107,133,Aarhus University,Denmark,70.0,157=,67.8,154=,83.9,180=,73.6,103,69.3,99=,73.2
=107,117,Maastricht University,Netherlands,71.2,135=,63.1,236=,86.4,113,73.0,105=,65.6,136=,73.2
=109,105,Eberhard Karls Universität Tübingen,Germany,70.5,148,61.5,263,85.5,137=,70.7,138,75.4,50=,73.1
=109,117,"Nanyang Technological University, Singapore (NTU)",Singapore,70.2,152=,89.7,11,86.0,117=,70.9,133=,46.8,401+,73.1
=109,103,Université de Montréal,Canada,68.8,168=,73.1,92=,85.1,148=,73.4,104,65.8,134=,73.1
=109,112,University of Bern,Switzerland,67.3,203,60.0,291,87.6,85=,75.7,82=,75.2,53=,73.1
113,135,King Saud University,Saudi Arabia,76.2,78,63.6,226=,79.5,296,66.8,186=,69.0,103,73.0
=114,117,The University of Western Australia,Australia,72.6,119=,61.1,268=,84.5,167=,70.3,142=,68.3,112,72.9
=114,101,University of Oslo,Norway,68.6,177=,60.8,276=,86.0,117=,73.7,101=,74.5,60=,72.9
=116,105,Pennsylvania State University,United States of America,71.7,132,70.8,117,80.4,272=,68.5,168=,72.3,75=,72.8
=116,105,University of Southampton,United Kingdom,66.1,221,67.1,169,90.1,46=,72.3,113=,72.0,79=,72.8
=118,128,Icahn School of Medicine at Mount Sinai,United States of America,66.0,222=,41.2,401+,93.9,8=,82.9,29,68.0,115=,72.7
=118,124,Radboud University,Netherlands,66.4,215=,60.1,287=,87.7,83=,75.2,88,75.6,48,72.7
=118,128,Sapienza University of Rome,Italy,69.7,160,79.1,46,81.2,247=,70.3,142=,65.8,134=,72.7
=118,113,The University of Osaka,Japan,81.2,43,73.1,92=,79.3,300=,64.8,229=,41.1,401+,72.7
=118,133,Universiti Malaya (UM),Malaysia,79.9,47=,67.7,157=,77.3,357=,59.1,353=,67.2,123=,72.7
123,124,University of Geneva,Switzerland,68.6,177=,63.6,226=,85.2,145=,69.9,148=,77.9,34,72.6
=124,124,Universidad Nacional Autónoma de México (UNAM),Mexico,83.2,33=,78.9,47,69.5,401+,56.7,397=,60.8,196=,72.5
=124,117,University of Otago,New Zealand,76.6,74,62.0,249=,81.9,231=,62.8,269=,66.7,126=,72.5
=126,127,The University of Texas Southwestern Medical Center at Dallas,United States of America,71.6,133,44.3,401+,91.3,28,79.0,52=,52.9,337=,72.4
=126,113,University of Calgary,Canada,68.6,177=,66.7,174=,84.9,152=,72.5,111=,68.4,111,72.4
=128,116,Michigan State University,United States of America,72.6,119=,64.9,199=,80.1,282=,67.2,182=,71.7,82=,72.2
=128,113,The University of Sheffield,United Kingdom,68.8,168=,66.6,177,87.5,89=,68.7,165=,68.2,113,72.2
130,146,Pontificia Universidad Católica de Chile (UC),Chile,82.2,38,75.6,70=,75.7,388=,54.1,401+,56.3,274=,72.0
131,130,Cardiff University,United Kingdom,70.1,155=,64.6,204=,87.5,89=,67.2,182=,64.1,152=,71.9
=132,123,Université de Montpellier,France,67.7,196=,55.9,365=,80.9,256=,68.7,165=,90.6,7,71.7
=132,130,University of Gothenburg,Sweden,68.1,185=,55.3,373=,87.5,89=,72.9,107=,68.5,108=,71.7
134,138,Complutense University of Madrid,Spain,70.4,149,71.1,113=,83.1,204=,66.3,196=,63.6,156=,71.5
=135,143,Freie Universitaet Berlin,Germany,68.8,168=,70.9,116,84.5,167=,65.7,208=,67.4,121=,71.4
=135,148,Rheinische Friedrich-Wilhelms-Universität Bonn,Germany,66.4,215=,61.9,253=,85.8,123=,71.2,125=,72.3,75=,71.4
=135,151,Universitat Autònoma de Barcelona,Spain,68.9,167,67.9,153,83.6,191=,69.5,152=,64.6,147=,71.4
138,139,Albert-Ludwigs-Universitaet Freiburg,Germany,68.8,168=,63.1,236=,85.4,140=,70.3,142=,63.6,156=,71.3
139,135,Université PSL,France,60.4,316=,77.7,57=,84.7,164,72.0,118=,78.8,29,71.2
=140,130,Case Western Reserve University,United States of America,65.5,225=,55.2,375=,86.9,104=,75.7,82=,68.6,107,71.1
=140,135,The Australian National University,Australia,73.0,111=,78.4,49,82.1,229,63.1,265=,49.9,383=,71.1
=142,153,Université catholique de Louvain (UCLouvain),Belgium,64.5,245=,73.8,87=,88.4,71=,68.9,161=,63.0,168=,70.9
=142,151,University of Chinese Academy of Sciences,China (Mainland),67.2,204,60.4,284,80.6,261=,81.1,39,56.1,279=,70.9
=144,117,Korea University,Republic of Korea,74.3,101,79.7,42,78.7,321=,64.3,241=,44.6,401+,70.8
=144,160,Queen's University Belfast,United Kingdom,70.6,145=,64.8,202=,85.2,145=,63.6,255=,63.4,159=,70.8
=144,154,Universidade Estadual de Campinas (Unicamp),Brazil,76.3,77,75.2,75,76.3,375=,59.4,341=,55.7,288=,70.8
=144,143,Universität Hamburg,Germany,65.5,225=,67.6,159=,83.9,180=,70.9,133=,69.1,101=,70.8
148,157,University of Lausanne,Switzerland,63.3,266=,63.2,233=,86.5,112,74.1,97=,67.9,117,70.6
=149,142,Princeton University,United States of America,73.0,111=,87.4,17,78.8,315=,65.7,208=,36.1,401+,70.5
=149,140,Texas A&M University,United States of America,72.4,122=,68.1,149=,79.6,293=,65.7,208=,56.6,267=,70.5
151,147,Universidad de Buenos Aires (UBA),Argentina,82.9,35,74.1,82=,71.6,401+,51.6,401+,52.0,351=,70.4
=152,176,Sun Yat-sen University,China (Mainland),68.0,187=,60.5,283,84.6,165=,76.2,77=,46.7,401+,70.1
=152,101,Sungkyunkwan University (SKKU),Republic of Korea,69.2,165=,74.1,82=,85.3,142=,69.3,155=,41.3,401+,70.1
=152,157,The University of Exeter,United Kingdom,66.5,211=,58.3,315,86.6,110=,67.6,178=,68.0,115=,70.1
155,157,Aix-Marseille University,France,62.8,274,61.9,253=,84.9,152=,71.2,125=,74.2,63,70.0
=156,201,Huazhong University of Science and Technology,China (Mainland),60.1,328=,58.8,307=,92.4,22,81.8,35,51.1,367,69.9
=156,190,University of Science and Technology of China,China (Mainland),68.6,177=,74.8,76,84.1,177=,72.5,111=,36.1,401+,69.9
=158,163,Brown University,United States of America,64.0,257=,70.3,120=,85.1,148=,69.3,155=,62.8,170=,69.8
=158,184,Tufts University,United States of America,65.5,225=,62.0,249=,87.3,94=,69.5,152=,59.9,213,69.8
=158,169,Universidad Autónoma de Madrid,Spain,68.3,183,72.7,98=,81.2,247=,64.8,229=,60.1,208=,69.8
=158,176,Universiti Putra Malaysia (UPM),Malaysia,79.0,53=,63.8,220=,74.0,401+,57.0,391=,56.6,267=,69.8
=158,166,University College Dublin,Ireland,68.8,168=,65.4,192=,83.8,184=,64.5,234=,60.7,202,69.8
=163,149,EPFL,Switzerland,67.7,196=,94.9,8,80.1,282=,65.9,202=,39.7,401+,69.7
=163,143,University of Illinois at Chicago (UIC),United States of America,67.1,205=,66.7,174=,82.4,217=,66.8,186=,63.3,164=,69.7
=165,167,Purdue University,United States of America,68.8,168=,77.3,62=,78.9,310=,64.3,241=,57.4,255=,69.6
=165,163,Universidad de Chile,Chile,78.6,57=,74.0,84=,74.6,398,54.8,401+,48.5,401+,69.6
=165,149,University of Southern California,United States of America,60.7,311,64.3,212=,87.3,94=,76.4,74=,61.0,194,69.6
=165,155,University of Turin,Italy,67.4,201=,59.1,303=,84.4,172,68.9,161=,60.8,196=,69.6
169,183,Chulalongkorn University,Thailand,78.4,62,63.2,233=,74.3,401+,53.4,401+,61.7,180=,69.4
170,160,Stockholm University,Sweden,65.2,229=,63.4,229=,87.0,102=,68.3,172=,57.8,245=,69.3
171,192,University of Bordeaux,France,66.3,218=,61.8,256=,83.9,180=,65.4,216=,66.1,133,69.2
=172,155,Tohoku University,Japan,76.4,75=,73.0,96,76.3,375=,59.4,341=,40.8,401+,69.1
=172,167,University of Ottawa,Canada,59.1,351=,56.7,355,89.4,53=,73.0,105=,72.7,72,69.1
=172,176,University of Porto,Portugal,65.2,229=,64.9,199=,78.6,323=,65.7,208=,76.7,40,69.1
=172,204,Wuhan University,China (Mainland),66.9,207,60.7,278,90.0,48,71.4,121=,40.0,401+,69.1
176,176,Hokkaido University,Japan,75.9,83=,66.8,170=,74.4,400=,59.9,329=,50.7,374,69.0
177,210,University of York,United Kingdom,64.1,253=,61.0,270=,93.9,8=,61.5,296=,61.1,191=,68.9
178,160,University of Texas at Austin,United States of America,68.2,184,75.3,73=,81.8,234=,66.3,196=,43.7,401+,68.8
179,192,Cairo University,Egypt,74.4,100,70.1,123=,72.4,401+,54.8,401+,64.8,144=,68.7
=180,169,University of Dundee,United Kingdom,72.2,125=,55.4,372,78.7,321=,62.6,271=,58.2,238,68.5
=180,163,University of Illinois at Urbana-Champaign,United States of America,64.3,250,83.0,31,79.0,306=,65.9,202=,54.9,296=,68.5
=182,206,Queen's University at Kingston,Canada,62.2,283,72.4,100=,88.0,75=,63.1,265=,60.4,204=,68.4
=182,231,Sichuan University,China (Mainland),66.0,222=,67.7,157=,81.0,254=,73.9,99=,42.7,401+,68.4
=182,184,Tokyo Medical and Dental University (TMDU),Japan,80.9,45,54.6,383,74.4,400=,54.8,401+,47.5,401+,68.4
=182,172,University of Miami,United States of America,62.1,284=,51.3,401+,84.9,152=,72.0,118=,70.7,91=,68.4
186,210,Oregon Health & Science University (OHSU),United States of America,60.2,324=,41.7,401+,94.4,7,77.1,67=,57.6,249=,68.3
=187,175,Humboldt-Universität zu Berlin,Germany,72.2,125=,69.1,134,76.6,371=,58.2,365=,54.0,313=,68.2
=187,189,North Carolina State University,United States of America,67.8,192=,68.9,137=,78.6,323=,64.0,247=,56.6,267=,68.2
=189,176,Université Claude Bernard Lyon 1,France,61.5,298=,62.3,246=,84.3,173=,69.9,148=,63.8,155,68.1
=189,199,Universite libre de Bruxelles,Belgium,56.7,401+,68.8,139,87.4,92=,67.6,178=,75.8,46=,68.1
=191,192,Medizinische Hochschule Hannover,Germany,67.9,190=,45.8,401+,86.2,114=,66.3,196=,57.1,258=,68.0
=191,173,University of Aberdeen,United Kingdom,69.3,163=,57.8,325=,79.4,297=,62.1,285=,62.2,175=,68.0
=193,206,"The University of Newcastle, Australia (UON)",Australia,65.2,229=,65.4,192=,88.5,69=,62.1,285=,51.4,359=,67.9
=193,220,University College Cork,Ireland,67.7,196=,64.3,212=,81.7,236,63.8,250=,52.9,337=,67.9
=193,226,University of Naples - Federico II,Italy,60.5,313=,65.1,196=,83.2,201=,69.7,151,66.3,130,67.9
196,224,Università Cattolica del Sacro Cuore,Italy,61.6,296=,64.1,216,85.8,123=,70.5,139=,54.8,298=,67.8
=197,173,Goethe-University Frankfurt am Main,Germany,62.3,280=,65.6,190,84.5,167=,66.8,186=,59.1,227=,67.7
=197,176,"University of California, Irvine",United States of America,60.1,328=,64.4,209=,85.2,145=,72.9,107=,55.8,286=,67.7
=197,176,University of Cologne,Germany,60.2,324=,57.3,340=,84.8,159=,69.5,152=,69.8,96=,67.7
=197,197,University of Vienna,Austria,67.6,199,68.7,140=,78.9,310=,59.4,341=,61.3,186=,67.7
=201,210,Charles University,Czechia,62.1,284=,64.4,209=,78.6,323=,68.1,175=,69.8,96=,67.6
=201,206,National and Kapodistrian University of Athens,Greece,59.8,337,61.7,260=,84.9,152=,71.2,125=,63.3,164=,67.6
=201,190,The University of Arizona,United States of America,62.0,288=,57.6,335,83.9,180=,70.9,133=,60.4,204=,67.6
=204,201,Technische Universität Dresden,Germany,59.5,342=,68.2,148,84.3,173=,68.7,165=,63.1,167,67.5
=204,228,University of Lisbon,Portugal,63.4,264=,65.0,198,78.3,333=,65.0,227=,69.9,95,67.5
206,239,Peking Union Medical College,China (Mainland),64.6,243=,36.4,401+,84.8,159=,78.2,59,53.6,320=,67.4
=207,210,Dalhousie University,Canada,62.5,276,61.4,264,85.9,121=,65.2,222=,59.5,218,67.3
=207,197,Kyushu University,Japan,73.7,107=,67.5,161=,75.8,385=,58.8,359=,41.2,401+,67.3
=207,184,The University of Texas Health Science Center at Houston,United States of America,66.7,209,32.8,401+,85.6,132=,72.9,107=,56.4,272=,67.3
210,214,Nagoya University,Japan,73.0,111=,72.1,104=,76.1,380,58.2,365=,39.6,401+,67.2
=211,204,Swedish University of Agricultural Sciences,Sweden,71.2,135=,57.7,329=,75.9,382=,56.4,401+,64.2,151,67.1
=211,220,The University of Warwick,United Kingdom,60.4,316=,70.1,123=,83.8,184=,63.6,255=,64.6,147=,67.1
=213,243,American University of Beirut (AUB),Lebanon,65.5,225=,63.3,232,82.3,220=,54.4,401+,71.7,82=,67.0
=213,206,Julius-Maximilians-Universität Würzburg,Germany,61.4,302=,48.0,401+,89.8,49,69.3,155=,58.0,241=,67.0
=213,184,Rockefeller University,United States of America,75.0,95=,51.9,401+,76.8,366=,62.1,285=,40.5,401+,67.0
=213,224,Tel Aviv University,Israel,59.4,344=,53.2,400=,85.4,140=,74.1,97=,60.1,208=,67.0
=213,239,Universitat de Valencia,Spain,64.4,247=,61.1,268=,80.3,275=,64.3,241=,61.7,180=,67.0
=213,239,Universiti Sains Malaysia (USM),Malaysia,77.3,67=,60.6,279=,69.1,401+,53.1,401+,56.0,282=,67.0
=213,220,University of Antwerp,Belgium,57.1,396=,60.1,287=,85.3,142=,65.9,202=,79.1,28,67.0
=213,192,University of Iowa,United States of America,60.9,309=,60.2,285=,84.9,152=,70.1,145=,56.1,279=,67.0
=213,201,University of Virginia,United States of America,60.1,328=,53.8,393=,86.1,116,71.0,129=,61.3,186=,67.0
222,226,Nanjing University,China (Mainland),66.4,215=,69.8,129=,81.4,243=,69.3,155=,32.0,401+,66.9
223,255,University of Southern Denmark (SDU),Denmark,59.9,334=,50.1,401+,89.2,57,68.3,172=,63.0,168=,66.8
=224,214,Universidade Federal do Rio de Janeiro,Brazil,70.2,152=,68.7,140=,73.4,401+,57.0,391=,56.2,276=,66.7
=224,231,"University of Alabama, Birmingham",United States of America,56.8,401+,41.6,401+,88.6,67=,78.0,60=,65.0,142,66.7
=226,249,"All India Institute of Medical Sciences, New Delhi",India,74.8,97=,53.2,400=,73.9,401+,53.1,401+,58.7,232=,66.5
=226,238,Stellenbosch University,South Africa,63.5,261=,58.0,319=,78.9,310=,59.9,329=,75.4,50=,66.5
228,220,Taipei Medical University (TMU),Taiwan,76.1,79=,59.0,305,76.2,378=,53.1,401+,41.7,401+,66.4
=229,169,KAIST - Korea Advanced Institute of Science & Technology,Republic of Korea,75.6,87=,86.6,19=,69.9,401+,56.7,397=,20.3,401+,66.3
=229,192,Western University,Canada,63.0,273,66.4,180=,81.1,252=,65.2,222=,52.2,347,66.3
=231,266,China Agricultural University,China (Mainland),70.0,157=,52.6,401+,78.1,343,64.5,234=,43.9,401+,66.2
=231,214,Université de Strasbourg,France,63.3,266=,67.6,159=,82.3,220=,61.0,308=,54.2,308=,66.2
=231,217,Université Laval,Canada,57.0,398=,60.1,287=,85.6,132=,69.3,155=,64.4,149,66.2
=234,219,George Washington University,United States of America,58.0,371=,61.0,270=,84.8,159=,64.8,229=,67.4,121=,66.0
=234,217,Iowa State University,United States of America,67.1,205=,64.0,217=,77.5,353=,60.5,316=,51.8,353,66.0
=234,246,UNESP,Brazil,74.7,99,66.8,170=,68.2,401+,53.4,401+,51.4,359=,66.0
=234,275,Universiti Kebangsaan Malaysia (UKM),Malaysia,75.8,86,62.3,246=,69.2,401+,50.9,401+,54.6,301=,66.0
=234,228,"University of Maryland, College Park",United States of America,59.5,342=,67.4,164=,82.3,220=,66.8,186=,56.4,272=,66.0
239,249,Technical University of Denmark,Denmark,59.4,344=,73.4,90,82.5,214=,65.7,208=,51.6,356=,65.9
240,228,Université Paul Sabatier Toulouse III,France,59.7,338=,56.3,358=,82.9,209=,64.0,247=,69.3,99=,65.8
=241,239,Universität Leipzig,Germany,59.4,344=,55.9,365=,83.5,193=,66.3,196=,63.4,159=,65.7
=241,237,University of Bergen,Norway,60.3,320=,56.3,358=,83.2,201=,62.3,278=,68.5,108=,65.7
=241,231,University of Guelph,Canada,68.7,174=,66.0,183=,75.6,390,57.6,380=,49.4,390=,65.7
=241,254,University of Leicester,United Kingdom,57.9,376=,56.2,363,87.8,80=,65.7,208=,62.1,177=,65.7
=241,262,University of Pisa,Italy,59.2,349=,69.8,129=,81.6,237=,63.3,260=,60.1,208=,65.7
246,231,Colorado State University,United States of America,62.4,277=,64.0,217=,79.8,287=,63.3,260=,55.9,284=,65.6
=247,231,University of Manitoba,Canada,59.0,353=,61.3,265,83.4,198=,65.7,208=,59.3,221=,65.5
=247,249,University of Rochester,United States of America,58.1,368=,55.8,367=,86.6,110=,70.1,145=,52.9,337=,65.5
=247,243,University of Utah,United States of America,55.8,401+,47.1,401+,87.2,98,76.8,72=,56.8,264=,65.5
250,273,University of Witwatersrand,South Africa,61.5,298=,53.8,393=,79.2,303=,59.6,335=,76.3,41=,65.4
=251,231,The University of Georgia,United States of America,64.5,245=,48.1,401+,77.4,355=,62.6,271=,66.6,128,65.3
=251,267,University of Turku,Finland,64.9,237=,52.1,401+,82.7,212=,60.5,316=,54.5,303=,65.3
=253,246,La Trobe University,Australia,65.0,235=,54.8,380,80.9,256=,62.3,278=,50.8,371=,65.2
=253,246,Mayo Medical School,United States of America,76.0,81=,43.9,401+,74.0,401+,56.7,397=,42.9,401+,65.2
=253,199,Queensland University of Technology (QUT),Australia,64.7,241=,59.2,302,79.4,297=,61.5,296=,52.1,348=,65.2
=256,255,National Yang Ming Chiao Tung University,Taiwan,66.5,211=,67.4,164=,79.4,297=,59.6,335=,39.6,401+,65.1
=256,249,RWTH Aachen University,Germany,56.9,401+,71.3,110,83.8,184=,66.8,186=,50.5,378,65.1
=256,269,University of Florence,Italy,59.9,334=,60.6,279=,80.1,282=,64.8,229=,61.2,189=,65.1
=256,275,University of Milano-Bicocca,Italy,58.6,357=,62.9,239=,88.7,62=,63.8,250=,48.9,395,65.1
=256,269,University of South Florida,United States of America,53.0,401+,42.7,401+,87.6,85=,76.2,77=,68.8,104=,65.1
=261,262,Deakin University,Australia,64.4,247=,57.7,329=,80.4,272=,62.6,271=,48.6,401+,65.0
=261,285,National Cheng Kung University (NCKU),Taiwan,70.6,145=,71.0,115,73.7,401+,56.1,401+,36.6,401+,65.0
=261,262,University of Massachusetts Medical School - Worcester,United States of America,63.2,271=,45.0,401+,87.9,79,65.4,216=,45.2,401+,65.0
=261,265,University of Technology Sydney,Australia,63.3,266=,58.0,319=,81.2,247=,61.5,296=,53.3,327=,65.0
=265,243,Keio University,Japan,68.0,187=,62.6,242=,79.6,293=,59.4,341=,36.4,401+,64.9
=265,258,Université Grenoble Alpes,France,59.7,338=,69.8,129=,80.3,275=,59.4,341=,60.9,195,64.9
=265,272,Washington State University,United States of America,67.8,192=,59.8,292=,76.6,371=,57.9,374=,49.4,390=,64.9
=268,294,Università degli Studi di Pavia,Italy,58.2,365=,58.6,311=,85.9,121=,65.0,227=,54.3,306=,64.8
=268,281,"University of Maryland, Baltimore",United States of America,56.4,401+,36.7,401+,86.0,117=,70.9,133=,72.0,79=,64.8
=270,287,Medizinische Universität Graz,Austria,60.4,316=,50.1,401+,82.9,209=,64.5,234=,60.8,196=,64.7
=270,258,Norwegian University of Science And Technology,Norway,57.7,382=,67.5,161=,82.0,230,61.3,304=,62.1,177=,64.7
=272,284,The Hong Kong Polytechnic University,"Hong Kong SAR, China",64.9,237=,64.8,202=,79.7,290=,63.6,255=,35.0,401+,64.6
=272,253,University of Massachusetts Amherst,United States of America,64.2,251=,66.7,174=,78.3,333=,60.5,316=,44.4,401+,64.6
=274,291,Arizona State University,United States of America,61.5,298=,58.8,307=,79.2,303=,62.1,285=,57.6,249=,64.5
=274,281,Semmelweis University,Hungary,63.5,261=,50.6,401+,81.2,247=,61.3,304=,55.7,288=,64.5
=276,333,Qatar University,Qatar,71.2,135=,54.2,386=,68.3,401+,55.8,401+,56.3,274=,64.4
=276,269,Westfälische Wilhelms-Universität Münster,Germany,58.3,361=,58.1,317=,83.4,198=,65.4,216=,55.4,291,64.4
=278,277,Johannes Gutenberg Universität Mainz,Germany,55.2,401+,51.0,401+,86.2,114=,67.4,180=,63.6,156=,64.3
=278,300,King Abdullah University of Science & Technology (KAUST),Saudi Arabia,68.0,187=,68.6,143=,67.3,401+,62.6,271=,42.6,401+,64.3
=278,188,Rutgers University–New Brunswick,United States of America,59.4,344=,63.1,236=,81.9,231=,62.6,271=,53.1,331=,64.3
=278,285,Sechenov University,Russian Federation,61.9,292=,64.4,209=,73.5,401+,59.9,329=,64.3,150,64.3
=282,277,Curtin University,Australia,61.6,296=,58.0,319=,81.1,252=,61.5,296=,52.1,348=,64.2
=282,260,Indiana University Bloomington,United States of America,51.4,401+,52.7,401+,88.7,62=,73.7,101=,59.3,221=,64.2
=284,255,Christian-Albrechts-University zu Kiel,Germany,56.5,401+,56.4,357,84.5,167=,65.9,202=,58.0,241=,64.1
=284,260,Umea University,Sweden,61.5,298=,49.6,401+,82.3,220=,59.9,329=,61.1,191=,64.1
=284,401-450,University of Jordan,Jordan,76.0,81=,68.1,149=,61.8,401+,45.5,401+,54.4,305,64.1
287,306,University of Coimbra,Portugal,62.0,288=,57.7,329=,77.4,355=,58.8,359=,60.8,196=,63.9
288,277,The Hebrew University of Jerusalem,Israel,60.9,309=,52.0,401+,82.2,225=,63.3,260=,51.4,359=,63.8
=289,281,Griffith University,Australia,64.4,247=,48.4,401+,78.6,323=,61.0,308=,51.4,359=,63.7
=289,351,Università Vita-Salute San Raffaele,Italy,58.0,371=,29.3,401+,90.3,42,70.5,139=,54.0,313=,63.7
=289,287,University of Granada,Spain,62.0,288=,60.8,276=,76.6,371=,57.0,391=,60.6,203,63.7
=289,296,Vrije Universiteit Brussel (VUB),Belgium,56.9,401+,62.5,244,80.3,275=,61.3,304=,64.1,152=,63.7
=293,342,Alexandria University,Egypt,64.7,241=,61.0,270=,73.2,401+,51.3,401+,64.7,146,63.4
=293,267,Georgetown University,United States of America,52.7,401+,56.3,358=,88.4,71=,66.6,192=,56.7,266,63.4
=293,317,Manipal Academy of Higher Education - Manipal University (MAHE),India,69.3,163=,59.4,298=,68.5,401+,50.5,401+,59.2,226,63.4
=293,300,Université de Lille,France,55.0,401+,60.6,279=,83.0,208,63.8,250=,59.4,219=,63.4
=293,277,University Duesseldorf,Germany,57.1,396=,45.3,401+,85.3,142=,66.8,186=,56.1,279=,63.4
=298,313,Chiang Mai University,Thailand,72.3,124,57.0,346=,69.7,401+,48.5,401+,50.8,371=,63.3
=298,296,Université de Liège,Belgium,56.8,401+,58.0,319=,81.3,245=,60.7,312=,63.4,159=,63.3
=300,287,Georgia Institute of Technology,United States of America,57.8,379=,77.4,61,78.4,329=,63.6,255=,39.4,401+,63.2
=300,300,Hacettepe University,Türkiye,62.0,288=,64.0,217=,78.8,315=,52.7,401+,57.4,255=,63.2
=300,294,Universidade Federal de Minas Gerais (UFMG),Brazil,64.1,253=,65.7,189,71.7,401+,53.8,401+,59.3,221=,63.2
=300,306,University of Kansas,United States of America,53.9,401+,53.1,401+,84.3,173=,66.3,196=,61.8,179,63.2
=300,320,University of Navarra,Spain,58.1,368=,63.8,220=,81.0,254=,64.0,247=,45.4,401+,63.2
=305,310,Friedrich-Alexander-Universität Erlangen-Nürnberg,Germany,54.3,401+,61.6,262,83.2,201=,66.6,192=,53.0,334=,63.1
=305,273,Lomonosov Moscow State University,Russian Federation,63.4,264=,95.5,7,63.4,401+,50.9,401+,53.5,323=,63.1
=305,311,Macquarie University,Australia,60.2,324=,54.2,386=,82.5,214=,61.5,296=,47.9,401+,63.1
=305,327,Royal College of Surgeons in Ireland (RCSI),Ireland,67.5,200,53.2,400=,74.5,399,55.8,401+,46.8,401+,63.1
=309,306,Flinders University,Australia,62.4,277=,44.4,401+,80.6,261=,58.2,365=,58.7,232=,63.0
=309,358,Tehran University of Medical Sciences,Iran (Islamic Republic of),61.7,295,33.8,401+,74.1,401+,65.9,202=,69.4,98,63.0
=309,320,University of Galway,Ireland,61.8,294,61.2,266=,76.0,381,56.1,401+,57.5,254,63.0
312,314,University of Pretoria,South Africa,61.1,307=,56.3,358=,73.5,401+,54.1,401+,72.9,70,62.9
=313,296,Universidade Federal de São Paulo,Brazil,61.9,292=,56.9,349=,76.8,366=,56.4,401+,57.0,261=,62.8
=313,287,University of Tsukuba,Japan,66.8,208,60.6,279=,74.3,401+,55.1,401+,41.8,401+,62.8
315,314,Ain Shams University,Egypt,64.6,243=,60.2,285=,71.6,401+,49.7,401+,66.2,131=,62.7
=316,451-500,Imam Abdulrahman Bin Faisal University (IAU) (formerly UNIVERSITY OF DAMMAM),Saudi Arabia,70.2,152=,69.9,126=,63.4,401+,47.7,401+,53.5,323=,62.6
=316,300,University of East Anglia (UEA),United Kingdom,58.5,359=,57.3,340=,78.4,329=,62.1,285=,53.2,330,62.6
=316,312,University of Reading,United Kingdom,65.2,229=,66.8,170=,66.9,401+,55.1,401+,54.3,306=,62.6
=316,291,University of Saskatchewan,Canada,59.3,348,57.8,325=,77.9,346=,60.5,316=,53.8,318=,62.6
320,333,China Medical University Taichung,Taiwan,66.0,222=,42.7,401+,78.8,315=,57.9,374=,44.7,401+,62.5
321,306,University of Colorado Boulder,United States of America,57.2,391=,65.8,186=,77.9,346=,62.6,271=,48.7,399=,62.4
322,344,Aristotle University of Thessaloniki,Greece,56.4,401+,64.9,199=,78.0,344=,59.6,335=,56.6,267=,62.2
=323,336,Jagiellonian University,Poland,56.7,401+,63.4,229=,76.9,361=,58.2,365=,59.3,221=,62.0
=323,324,Justus-Liebig-University Giessen,Germany,60.2,324=,35.9,401+,80.5,267=,60.2,324=,62.3,174,62.0
=323,320,Martin-Luther-Universität Halle-Wittenberg,Germany,56.7,401+,50.0,401+,78.3,333=,60.2,324=,66.2,131=,62.0
=323,300,Oregon State University,United States of America,58.3,361=,54.0,390=,78.0,344=,59.4,341=,58.1,239=,62.0
=323,327,University of Tasmania,Australia,57.8,379=,50.4,401+,80.5,267=,59.9,329=,57.6,249=,62.0
=323,319,Virginia Commonwealth University,United States of America,49.3,401+,44.2,401+,87.8,80=,70.5,139=,62.2,175=,62.0
=329,336,Universidade Federal do Rio Grande Do Sul,Brazil,60.3,320=,55.8,367=,75.8,385=,58.5,362=,53.3,327=,61.9
=329,376,University of Genoa,Italy,51.7,401+,56.0,364,83.1,204=,65.2,222=,59.4,219=,61.9
=331,320,KTH Royal Institute of Technology,Sweden,52.0,401+,75.3,73=,80.8,260,64.3,241=,44.9,401+,61.8
=331,342,Philipps-Universität Marburg,Germany,56.7,401+,53.5,398,80.6,261=,60.5,316=,55.9,284=,61.8
=331,349,Universitas Indonesia,Indonesia,72.7,118,68.4,145,65.1,401+,41.0,401+,46.7,401+,61.8
=331,314,Universität Jena,Germany,52.2,401+,54.7,381=,82.4,217=,63.8,250=,62.4,173,61.8
=331,336,"University of Rome ""Tor Vergata""",Italy,54.6,401+,65.2,194=,81.6,237=,61.0,308=,48.8,396=,61.8
=336,360,Universidad Nacional de Colombia,Colombia,75.9,83=,72.9,97,57.6,401+,40.5,401+,43.8,401+,61.7
=336,333,University of Connecticut,United States of America,54.6,401+,49.1,401+,81.5,240=,66.6,192=,52.8,343,61.7
=336,351,University of Kwazulu-Natal,South Africa,57.2,391=,50.6,401+,76.7,370,56.7,397=,70.7,91=,61.7
=339,325,Academy of Sciences of the Czech Republic,Czechia,58.3,361=,53.9,392,73.9,401+,57.0,391=,67.5,120,61.6
=339,347,Weizmann Institute of Science,Israel,63.3,266=,46.3,401+,79.3,300=,64.5,234=,29.2,401+,61.6
=341,291,Hanyang University,Republic of Korea,60.1,328=,75.6,70=,75.1,393=,57.3,385=,33.9,401+,61.5
=341,401-450,Jordan University of Science & Technology,Jordan,73.7,107=,64.3,212=,58.3,401+,43.1,401+,53.0,334=,61.5
=341,351,Nanjing Agricultural University,China (Mainland),62.1,284=,41.9,401+,77.9,346=,61.5,296=,45.7,401+,61.5
=341,345,Technion - Israel Institute of Technology,Israel,57.6,386=,64.6,204=,78.2,338=,61.0,308=,41.3,401+,61.5
=341,336,University of Eastern Finland,Finland,59.0,353=,55.8,367=,77.2,359=,57.6,380=,53.1,331=,61.5
=346,376,Central South University,China (Mainland),54.0,401+,53.0,401+,81.3,245=,72.7,110,37.3,401+,61.4
=346,327,Universität für Bodenkultur Wien,Austria,66.6,210,56.9,349=,64.8,401+,51.3,401+,58.9,230=,61.4
=346,327,University of Cincinnati,United States of America,51.6,401+,43.0,401+,83.7,189=,68.5,168=,60.4,204=,61.4
=349,299,The Scripps Research Institute (TSRI),United States of America,67.8,192=,56.9,349=,71.2,401+,59.1,353=,24.7,401+,61.3
=349,376,"University of Missouri, Columbia",United States of America,58.2,365=,46.6,401+,79.3,300=,62.3,278=,50.6,375=,61.3
=349,349,University Ulm,Germany,51.4,401+,50.8,401+,85.1,148=,65.4,216=,56.0,282=,61.3
=352,336,University of South Australia,Australia,61.1,307=,55.7,370,79.6,293=,55.8,401+,41.1,401+,61.2
=352,374,University of Wollongong,Australia,58.0,371=,59.7,295,72.9,401+,58.5,362=,57.8,245=,61.2
354,327,"The University of Tennessee, Knoxville",United States of America,53.2,401+,33.3,401+,82.2,225=,70.1,145=,60.1,208=,61.1
=355,367,Chang Gung University,Taiwan,61.4,302=,49.0,401+,77.7,350=,56.4,401+,47.6,401+,61.0
=355,336,Dartmouth College,United States of America,57.6,386=,63.7,223=,79.8,287=,59.1,353=,38.0,401+,61.0
=355,300,Pohang University of Science And Technology (POSTECH),Republic of Korea,70.1,155=,87.8,16,55.8,401+,53.4,401+,23.0,401+,61.0
=355,327,University of Nebraska - Lincoln,United States of America,60.5,313=,52.1,401+,74.2,401+,58.5,362=,50.6,375=,61.0
=359,401-450,Airlangga University,Indonesia,78.6,57=,68.6,143=,54.8,401+,33.8,401+,49.1,392=,60.9
=359,391,United Arab Emirates University,United Arab Emirates,66.5,211=,62.0,249=,62.0,401+,50.1,401+,56.9,263,60.9
=359,379,Western Sydney University,Australia,56.8,401+,51.4,401+,78.2,338=,59.6,335=,54.9,296=,60.9
=362,347,Massey University,New Zealand,68.4,182,57.8,325=,63.0,401+,48.1,401+,54.2,308=,60.8
=362,379,University of Delhi,India,62.3,280=,64.6,204=,69.1,401+,52.4,401+,51.3,363=,60.8
=364,369,Hiroshima University,Japan,64.1,253=,53.1,401+,73.8,401+,52.7,401+,44.2,401+,60.7
=364,326,"University of California, Santa Barbara (UCSB)",United States of America,55.2,401+,68.7,140=,76.9,361=,63.3,260=,37.1,401+,60.7
=366,384,Huazhong Agricultural University,China (Mainland),56.1,401+,51.4,401+,79.8,287=,62.3,278=,45.9,401+,60.6
=366,363,Linköping University,Sweden,53.7,401+,58.9,306,80.5,267=,60.2,324=,50.4,379,60.6
=366,345,Medizinische Universität Innsbruck,Austria,57.9,376=,40.9,401+,80.9,256=,62.6,271=,46.9,401+,60.6
=366,369,University of Bath,United Kingdom,60.5,313=,66.8,170=,69.0,401+,55.4,401+,48.0,401+,60.6
=366,358,Virginia Polytechnic Institute and State University,United States of America,54.8,401+,57.1,344=,78.8,315=,61.3,304=,49.1,392=,60.6
371,384,Masaryk University,Czechia,58.9,355,58.8,307=,73.7,401+,55.8,401+,52.0,351=,60.5
=372,351,University at Buffalo SUNY,United States of America,53.3,401+,52.6,401+,82.5,214=,61.8,292=,48.1,401+,60.3
=372,351,University of Kentucky,United States of America,55.7,401+,47.4,401+,79.0,306=,63.1,265=,48.7,399=,60.3
=372,401-450,University of the Philippines,Philippines,66.3,218=,57.4,338=,59.6,401+,46.8,401+,67.2,123=,60.3
=375,,King Khalid University,Saudi Arabia,72.6,119=,65.8,186=,57.5,401+,42.6,401+,45.7,401+,60.2
=375,401-450,Lebanese University,Lebanon,75.2,92=,65.1,196=,52.4,401+,39.9,401+,51.7,354=,60.2
=375,394,Tecnológico de Monterrey,Mexico,64.8,239=,73.5,89,60.7,401+,52.0,401+,43.6,401+,60.2
=375,369,Temple University,United States of America,51.7,401+,44.3,401+,85.8,123=,62.1,285=,55.0,295,60.2
=375,363,Tulane University,United States of America,52.8,401+,44.7,401+,82.3,220=,59.4,341=,62.5,172,60.2
=380,401-450,Ankara Üniversitesi,Türkiye,60.4,316=,58.6,311=,69.7,401+,49.7,401+,61.6,183=,60.1
=380,401-450,City University of Hong Kong,"Hong Kong SAR, China",61.4,302=,65.5,191,69.3,401+,60.5,316=,30.1,401+,60.1
=380,362,"Stony Brook University, State University of New York",United States of America,53.3,401+,44.7,401+,82.2,225=,62.3,278=,54.1,310=,60.1
=380,369,Universidad de Sevilla,Spain,58.6,357=,53.6,397,76.8,366=,54.8,401+,50.2,381=,60.1
=380,401-450,Université Sorbonne Paris Nord,France,44.8,401+,50.3,401+,93.6,14,63.8,250=,56.8,264=,60.1
=380,384,Verona University,Italy,51.7,401+,38.0,401+,84.9,152=,64.5,234=,57.6,249=,60.1
386,382,Florida State University,United States of America,62.4,277=,58.0,319=,72.0,401+,56.4,401+,35.7,401+,60.0
387,356,University of Waterloo,Canada,53.4,401+,74.4,79,73.7,401+,57.3,385=,48.8,396=,59.9
=388,401-450,Nantes University,France,48.3,401+,49.9,401+,84.1,177=,63.6,255=,58.0,241=,59.7
=388,389,Northeastern University,United States of America,53.3,401+,55.3,373=,80.6,261=,61.5,296=,44.3,401+,59.7
=388,365,Swansea University,United Kingdom,58.0,371=,72.0,106,70.9,401+,54.4,401+,42.5,401+,59.7
=391,399,Northwest Agriculture and Forestry University,China (Mainland),55.1,401+,48.7,401+,77.5,353=,61.8,292=,47.8,401+,59.6
=391,360,Ruhr-Universität Bochum,Germany,51.5,401+,54.9,379,82.4,217=,61.8,292=,47.1,401+,59.6
=391,451-500,Shandong University,China (Mainland),54.8,401+,53.1,401+,78.2,338=,65.2,222=,36.5,401+,59.6
=391,379,Universitat Pompeu Fabra (Barcelona),Spain,53.1,401+,63.5,228,78.2,338=,59.1,353=,45.8,401+,59.6
=391,401-450,"University of Agriculture, Faisalabad",Pakistan,56.8,401+,62.4,245,72.3,401+,57.3,385=,46.8,401+,59.6
=391,374,University of Bari,Italy,51.7,401+,47.1,401+,80.2,278=,60.7,312=,60.0,212,59.6
=391,394,University of Tartu,Estonia,57.5,389,57.1,344=,68.7,401+,55.1,401+,61.3,186=,59.6
=398,401-450,Beijing Normal University,China (Mainland),56.7,401+,54.4,385,78.3,333=,61.8,292=,33.6,401+,59.5
=398,317,Kyung Hee University,Republic of Korea,58.3,361=,58.2,316,76.8,366=,57.9,374=,34.6,401+,59.5
=398,401-450,Mansoura University,Egypt,61.4,302=,57.7,329=,70.3,401+,46.4,401+,57.8,245=,59.5
=398,401-450,Universidad de Antioquia,Colombia,67.9,190=,64.5,207=,59.8,401+,45.9,401+,47.0,401+,59.5
=398,365,"University of California, Riverside",United States of America,57.4,390,58.6,311=,72.9,401+,57.6,380=,45.9,401+,59.5
=398,388,Xiamen University,China (Mainland),57.7,382=,50.0,401+,78.8,315=,64.3,241=,27.6,401+,59.5
401-450,501-550,Aalborg University,Denmark,50.8,401+,54.2,386=,80.4,272=,57.6,380=,47.3,401+,
401-450,401-450,Aga Khan University,Pakistan,52.9,401+,53.0,401+,67.1,401+,50.5,401+,76.2,43=,
401-450,,Al-Azhar University,Egypt,63.7,259=,56.6,356,65.8,401+,46.4,401+,48.4,401+,
401-450,401-450,Ben-Gurion University of The Negev,Israel,50.2,401+,48.7,401+,77.8,349,59.4,341=,48.2,401+,
401-450,384,Chiba University,Japan,60.6,312,52.6,401+,74.7,397,54.8,401+,35.4,401+,
401-450,394,City University of New York,United States of America,50.6,401+,48.5,401+,77.7,350=,58.2,365=,59.3,221=,
401-450,401-450,Czech University of Life Sciences in Prague,Czechia,64.2,251=,57.0,346=,56.7,401+,42.6,401+,61.4,185,
401-450,401-450,Delft University of Technology,Netherlands,53.2,401+,84.5,24=,65.5,401+,56.1,401+,42.7,401+,
401-450,401-450,Florida International University,United States of America,51.8,401+,47.5,401+,75.7,388=,58.2,365=,62.8,170=,
401-450,382,Istanbul University,Türkiye,59.6,341,57.8,325=,69.9,401+,47.7,401+,59.6,216=,
401-450,367,James Cook University,Australia,59.7,338=,49.8,401+,71.0,401+,54.1,401+,53.1,331=,
401-450,401-450,Kansas State University,United States of America,55.2,401+,54.2,386=,69.1,401+,53.8,401+,54.1,310=,
401-450,401-450,Kaohsiung Medical University,Taiwan,62.1,284=,46.8,401+,72.0,401+,48.5,401+,36.1,401+,
401-450,401-450,Kasetsart University,Thailand,69.6,161,59.3,301,54.5,401+,40.5,401+,46.0,401+,
401-450,391,Kobe University,Japan,62.3,280=,55.6,371,71.2,401+,50.9,401+,40.7,401+,
401-450,401-450,Lancaster University,United Kingdom,53.3,401+,62.6,242=,77.2,359=,55.4,401+,49.5,389,
401-450,401-450,"L'Institut Agro (L'Institut Agro Dijon, L'Institut Agro Montpellier, L'Institut Agro Rennes Angers)",France,57.6,386=,50.8,401+,65.5,401+,51.3,401+,66.7,126=,
401-450,451-500,Mashhad University of Medical Sciences,Iran (Islamic Republic of),54.4,401+,40.9,401+,76.9,361=,58.2,365=,51.6,356=,
401-450,397,Medical College of Wisconsin,United States of America,51.7,401+,31.1,401+,84.3,173=,64.8,229=,53.9,317,
401-450,501-550,Nankai University,China (Mainland),51.5,401+,50.9,401+,80.6,261=,65.4,216=,24.7,401+,
401-450,451-500,Postgraduate Institute of Medical Education & Research Chandigarh,India,56.6,401+,39.0,401+,72.2,401+,53.1,401+,55.8,286=,
401-450,,Qassim University,Saudi Arabia,70.9,139=,60.1,287=,53.7,401+,39.4,401+,46.9,401+,
401-450,401-450,Quaid-i-Azam University,Pakistan,56.8,401+,63.4,229=,64.3,401+,53.1,401+,52.1,348=,
401-450,451-500,"St. George's, University of London",United Kingdom,45.8,401+,23.1,401+,87.4,92=,65.4,216=,63.2,166,
401-450,451-500,Sultan Qaboos University,Oman,62.7,275,62.1,248,58.6,401+,46.8,401+,53.5,323=,
401-450,391,Tampere University,Finland,52.5,401+,55.2,375=,75.4,392,55.4,401+,56.5,271,
401-450,401-450,Technische Universität Berlin (TU Berlin),Germany,58.2,365=,72.4,100=,62.8,401+,53.8,401+,43.6,401+,
401-450,,The Catholic University of Korea,Republic of Korea,57.0,398=,43.5,401+,76.9,361=,57.9,374=,32.0,401+,
401-450,451-500,Tongji University,China (Mainland),50.4,401+,49.3,401+,80.9,256=,66.3,196=,31.2,401+,
401-450,451-500,Universidad de Concepción,Chile,64.0,257=,64.5,207=,58.1,401+,47.7,401+,50.3,380,
401-450,401-450,Universidade de Santiago de Compostela,Spain,59.1,351=,59.6,296=,70.5,401+,52.7,401+,48.5,401+,
401-450,401-450,Universidade Nova de Lisboa,Portugal,53.6,401+,61.8,256=,71.7,401+,54.8,401+,63.9,154,
401-450,401-450,Universität Duisburg-Essen,Germany,48.0,401+,30.0,401+,87.1,99=,68.5,168=,51.7,354=,
401-450,451-500,Université de Rennes 1 (University of Rennes),France,47.1,401+,56.9,349=,78.4,329=,59.1,353=,56.2,276=,
401-450,389,Université Paris-Est Créteil,France,42.1,401+,57.5,336=,82.7,212=,62.8,269=,63.4,159=,
401-450,401-450,University of Belgrade,Serbia,53.9,401+,47.6,401+,75.5,391,58.2,365=,61.6,183=,
401-450,369,"University of Colorado, Denver",United States of America,58.0,371=,34.8,401+,83.5,193=,57.0,391=,45.6,401+,
401-450,401-450,University of Debrecen,Hungary,60.1,328=,57.5,336=,64.0,401+,49.3,401+,57.9,244,
401-450,401-450,University of Parma,Italy,52.0,401+,54.0,390=,79.9,286,60.5,316=,51.2,365=,
401-450,401-450,University of South Carolina,United States of America,52.9,401+,50.8,401+,75.8,385=,57.0,391=,59.1,227=,
401-450,401-450,University of St Andrews,United Kingdom,60.3,320=,66.4,180=,65.0,401+,53.4,401+,46.1,401+,
401-450,451-500,University of Strathclyde,United Kingdom,58.1,368=,61.8,256=,61.8,401+,49.7,401+,55.1,293=,
401-450,401-450,University of Surrey,United Kingdom,54.5,401+,61.0,270=,68.6,401+,54.1,401+,48.2,401+,
401-450,401-450,University of Sussex,United Kingdom,53.3,401+,58.1,317=,72.2,401+,55.4,401+,53.5,323=,
401-450,401-450,University of Szeged,Hungary,58.8,356,61.2,266=,64.4,401+,50.1,401+,51.0,368=,
401-450,451-500,University of Tehran,Iran (Islamic Republic of),56.9,401+,41.0,401+,75.1,393=,57.9,374=,46.4,401+,
401-450,356,University of Ulsan,Republic of Korea,49.0,401+,28.0,401+,85.5,137=,68.9,161=,42.8,401+,
401-450,401-450,University of Zagreb,Croatia,50.8,401+,48.0,401+,73.4,401+,56.7,397=,60.3,207,
401-450,399,Wake Forest University,United States of America,46.6,401+,47.7,401+,86.0,117=,67.2,182=,49.9,383=,
401-450,451-500,Xi’an Jiaotong University,China (Mainland),48.5,401+,57.0,346=,80.6,261=,64.5,234=,33.3,401+,
451-500,401-450,Ajou University,Republic of Korea,57.2,391=,59.4,298=,69.5,401+,51.6,401+,26.3,401+,
451-500,451-500,Beijing University of Chinese Medicine,China (Mainland),60.3,320=,38.5,401+,76.5,374,53.1,401+,22.4,401+,
451-500,401-450,Carnegie Mellon University,United States of America,54.5,401+,77.0,65,67.3,401+,55.8,401+,29.5,401+,
451-500,398,Chung-Ang University (CAU),Republic of Korea,56.2,401+,59.4,298=,72.4,401+,51.6,401+,27.6,401+,
451-500,451-500,Drexel University,United States of America,47.9,401+,43.8,401+,77.3,357=,59.4,341=,53.6,320=,
451-500,451-500,Gadjah Mada University,Indonesia,70.8,141,65.2,194=,52.8,401+,35.1,401+,43.1,401+,
451-500,401-450,Gazi Üniversitesi,Türkiye,57.7,382=,59.8,292=,61.0,401+,44.5,401+,58.9,230=,
451-500,451-500,Harbin Institute of Technology,China (Mainland),50.6,401+,68.3,146=,73.5,401+,63.1,265=,26.4,401+,
451-500,401-450,Indiana University–Purdue University Indianapolis,United States of America,48.9,401+,39.5,401+,81.8,234=,60.7,312=,47.0,401+,
451-500,,Iran University of Medical Sciences (IUMS),Iran (Islamic Republic of),52.9,401+,28.3,401+,73.2,401+,58.8,359=,55.1,293=,
451-500,501-550,Jiangnan University,China (Mainland),51.2,401+,40.2,401+,78.5,328,59.9,329=,36.1,401+,
451-500,451-500,Jilin University,China (Mainland),48.7,401+,52.1,401+,78.9,310=,64.3,241=,29.4,401+,
451-500,451-500,Khon Kaen University,Thailand,64.8,239=,50.9,401+,59.4,401+,39.4,401+,50.8,371=,
451-500,501-550,King Saud bin Abdulaziz University For Health Sciences,Saudi Arabia,59.2,349=,43.5,401+,66.3,401+,48.1,401+,53.8,318=,
451-500,501-550,Kyungpook National University,Republic of Korea,53.3,401+,57.2,342=,75.1,393=,55.1,401+,35.4,401+,
451-500,501-550,Nanjing Medical University,China (Mainland),50.4,401+,32.7,401+,80.2,278=,67.0,185,34.2,401+,
451-500,501-550,Okayama University,Japan,57.2,391=,37.8,401+,71.9,401+,51.6,401+,44.1,401+,
451-500,501-550,Palacký University Olomouc,Czechia,54.8,401+,44.9,401+,68.3,401+,52.7,401+,52.9,337=,
451-500,451-500,Pontificia Universidad Javeriana,Colombia,68.7,174=,67.4,164=,45.8,401+,38.2,401+,54.1,310=,
451-500,451-500,Rice University,United States of America,56.5,401+,58.8,307=,65.9,401+,55.8,401+,33.0,401+,
451-500,501-550,RMIT University,Australia,51.7,401+,59.1,303=,67.5,401+,56.7,397=,47.9,401+,
451-500,451-500,"Royal Veterinary College, University of London",United Kingdom,63.2,271=,47.3,401+,58.2,401+,44.1,401+,52.5,345=,
451-500,,Saveetha Institute of Medical and Technical Sciences (deemed to be university),India,57.2,391=,47.8,401+,63.2,401+,54.4,401+,48.8,396=,
451-500,501-550,Shiraz University of Medical Sciences,Iran (Islamic Republic of),54.4,401+,37.5,401+,72.6,401+,56.1,401+,50.9,370,
451-500,401-450,Thomas Jefferson University,United States of America,48.9,401+,21.4,401+,84.5,167=,65.2,222=,51.2,365=,
451-500,,Umm Al-Qura University,Saudi Arabia,66.5,211=,61.7,260=,55.8,401+,40.5,401+,43.7,401+,
451-500,451-500,Universidad de la República (Udelar),Uruguay,65.2,229=,52.2,401+,59.2,401+,42.6,401+,40.5,401+,
451-500,451-500,Universidad Peruana Cayetano Heredia (UPCH),Peru,65.2,229=,50.2,401+,54.3,401+,41.6,401+,63.4,159=,
451-500,,Universidad Politécnica de Madrid (UPM),Spain,53.3,401+,68.3,146=,70.5,401+,49.7,401+,41.5,401+,
451-500,451-500,Universidade de Brasília,Brazil,60.0,333,57.7,329=,65.4,401+,44.5,401+,39.1,401+,
451-500,451-500,Università degli Studi di Perugia,Italy,47.9,401+,41.2,401+,78.2,338=,57.9,374=,55.3,292,
451-500,451-500,Universitat Politècnica de València,Spain,57.8,379=,61.9,253=,63.8,401+,48.1,401+,47.5,401+,
451-500,451-500,Université Côte d'Azur,France,49.9,401+,47.1,401+,75.0,396,57.3,385=,49.1,392=,
451-500,,Universiti Teknologi Malaysia,Malaysia,63.7,259=,58.0,319=,53.5,401+,47.2,401+,43.6,401+,
451-500,401-450,University of Hawaiʻi at Mānoa,United States of America,47.0,401+,48.1,401+,78.4,329=,60.2,324=,54.0,313=,
451-500,501-550,University of Ibadan,Nigeria,54.5,401+,46.6,401+,67.2,401+,45.0,401+,70.9,88=,
451-500,451-500,University of Ljubljana,Slovenia,50.7,401+,52.3,401+,73.8,401+,55.1,401+,54.6,301=,
451-500,501-550,University of Minho,Portugal,51.8,401+,55.0,378,71.2,401+,55.8,401+,45.7,401+,
451-500,451-500,University of Modena and Reggio Emilia,Italy,47.7,401+,51.5,401+,80.0,285,59.4,341=,44.0,401+,
451-500,451-500,University of Murcia,Spain,54.9,401+,53.8,393=,68.1,401+,52.4,401+,49.7,387,
451-500,401-450,University of New Mexico,United States of America,46.4,401+,57.4,338=,78.9,310=,59.6,335=,50.6,375=,
451-500,451-500,University of Oklahoma,United States of America,44.5,401+,50.1,401+,83.3,200,62.1,285=,49.9,383=,
451-500,451-500,University of Plymouth,United Kingdom,55.8,401+,61.0,270=,66.1,401+,50.5,401+,51.0,368=,
451-500,,University of Sharjah,United Arab Emirates,63.3,266=,57.7,329=,56.4,401+,46.4,401+,52.5,345=,
451-500,451-500,University of the Basque Country,Spain,49.7,401+,51.1,401+,75.9,382=,57.3,385=,53.3,327=,
451-500,451-500,Warsaw University of Life Sciences – SGGW (WULS-SGGW),Poland,59.9,334=,51.2,401+,59.6,401+,48.1,401+,51.6,356=,
451-500,451-500,Wayne State University,United States of America,48.9,401+,30.9,401+,81.6,237=,62.3,278=,49.8,386,
501-550,501-550,Banaras Hindu University,India,57.9,376=,53.0,401+,63.7,401+,50.1,401+,36.1,401+,
501-550,501-550,Catania University,Italy,45.6,401+,39.0,401+,80.2,278=,58.2,365=,47.4,401+,
501-550,501-550,China Pharmaceutical University,China (Mainland),55.5,401+,37.5,401+,77.6,352,57.6,380=,25.5,401+,
501-550,401-450,Chonnam National University,Republic of Korea,49.5,401+,50.0,401+,75.9,382=,54.8,401+,33.3,401+,
501-550,401-450,Chungnam National University,Republic of Korea,52.1,401+,55.2,375=,70.3,401+,51.3,401+,34.1,401+,
501-550,,COMSATS University Islamabad,Pakistan,48.3,401+,57.2,342=,64.5,401+,54.1,401+,53.6,320=,
501-550,401-450,Durham University,United Kingdom,55.9,401+,68.0,151=,58.5,401+,49.3,401+,47.0,401+,
501-550,,EGE UNIVERSITY,Türkiye,54.0,401+,54.5,384,65.5,401+,45.9,401+,54.8,298=,
501-550,,Georgia State University,United States of America,49.9,401+,43.4,401+,69.7,401+,56.1,401+,46.2,401+,
501-550,501-550,Iuliu Hațieganu University of Medicine and Pharmacy Cluj-Napoca,Romania,55.1,401+,49.1,401+,66.1,401+,48.1,401+,48.0,401+,
501-550,451-500,Jeonbuk National University,Republic of Korea,57.0,398=,56.8,353=,65.3,401+,49.3,401+,30.1,401+,
501-550,,Lanzhou University,China (Mainland),46.7,401+,39.0,401+,76.3,375=,60.5,316=,41.9,401+,
501-550,451-500,Liverpool John Moores University,United Kingdom,55.2,401+,43.5,401+,61.8,401+,49.7,401+,55.6,290,
501-550,501-550,Loughborough University,United Kingdom,54.0,401+,63.8,220=,59.9,401+,50.9,401+,39.5,401+,
501-550,451-500,Makerere University,Uganda,58.5,359=,37.7,401+,62.9,401+,45.0,401+,66.4,129,
501-550,501-550,National Tsing Hua University,Taiwan,63.5,261=,74.5,78,52.9,401+,46.8,401+,21.7,401+,
501-550,451-500,Norwegian University of Life Sciences (UMB),Norway,56.8,401+,48.4,401+,59.6,401+,47.2,401+,54.5,303=,
501-550,451-500,Prince of Songkla University,Thailand,66.3,218=,46.6,401+,59.4,401+,41.6,401+,41.2,401+,
501-550,401-450,Pusan National University,Republic of Korea,52.4,401+,59.8,292=,72.7,401+,51.6,401+,30.1,401+,
501-550,501-550,RUDN University,Russian Federation,55.6,401+,82.1,34=,50.2,401+,40.5,401+,56.2,276=,
501-550,501-550,Saint Petersburg State University,Russian Federation,54.7,401+,84.6,23,54.2,401+,42.6,401+,42.5,401+,
501-550,,Shenzhen University,China (Mainland),44.6,401+,37.0,401+,80.2,278=,64.5,234=,36.9,401+,
501-550,,Southeast University,China (Mainland),43.5,401+,49.1,401+,81.5,240=,65.7,208=,35.3,401+,
501-550,,Southern University of Science and Technology,China (Mainland),46.4,401+,47.6,401+,80.5,267=,62.3,278=,23.1,401+,
501-550,501-550,St. Louis University,United States of America,46.0,401+,37.1,401+,79.1,305,59.4,341=,42.7,401+,
501-550,,Tabriz University of Medical Sciences,Iran (Islamic Republic of),48.4,401+,27.4,401+,80.5,267=,59.6,335=,48.5,401+,
501-550,501-550,Texas Tech University,United States of America,51.4,401+,56.8,353=,61.8,401+,48.9,401+,57.0,261=,
501-550,501-550,Tianjin University,China (Mainland),40.8,401+,67.4,164=,79.0,306=,65.9,202=,30.9,401+,
501-550,501-550,Universidad de Córdoba - España,Spain,54.2,401+,45.2,401+,67.5,401+,51.3,401+,50.2,381=,
501-550,501-550,Universidad de los Andes,Colombia,69.2,165=,71.7,107,45.1,401+,37.6,401+,33.1,401+,
501-550,451-500,Universidad de Zaragoza,Spain,49.9,401+,50.7,401+,67.8,401+,52.0,401+,52.9,337=,
501-550,501-550,Universidad Nacional de Córdoba - UNC,Argentina,61.2,306,62.0,249=,57.3,401+,42.6,401+,36.7,401+,
501-550,451-500,Universidad Nacional de La Plata (UNLP),Argentina,67.4,201=,63.7,223=,53.9,401+,38.8,401+,30.1,401+,
501-550,501-550,Universidade Federal de Santa Catarina,Brazil,56.3,401+,50.5,401+,70.5,401+,47.2,401+,34.0,401+,
501-550,501-550,Universidade Federal do Paraná - UFPR,Brazil,54.5,401+,45.9,401+,69.3,401+,47.2,401+,46.6,401+,
501-550,451-500,Universität des Saarlandes,Germany,45.4,401+,39.0,401+,78.8,315=,59.1,353=,57.7,248,
501-550,451-500,Universität Regensburg,Germany,48.7,401+,36.1,401+,79.7,290=,61.5,296=,40.9,401+,
501-550,451-500,Université de Lorraine,France,40.4,401+,33.8,401+,82.2,225=,60.7,312=,58.5,236,
501-550,501-550,Universiti Teknologi MARA - UiTM,Malaysia,64.1,253=,49.9,401+,53.0,401+,43.6,401+,44.1,401+,
501-550,451-500,"University of California, Santa Cruz",United States of America,51.8,401+,54.7,381=,69.4,401+,56.1,401+,36.9,401+,
501-550,,University of Johannesburg,South Africa,56.0,401+,53.7,396,60.9,401+,50.9,401+,54.7,300,
501-550,451-500,University of Messina (UniME),Italy,45.2,401+,40.8,401+,79.0,306=,56.1,401+,49.6,388,
501-550,451-500,University of Mississippi,United States of America,46.4,401+,31.9,401+,81.2,247=,60.2,324=,51.3,363=,
501-550,451-500,University of Oulu,Finland,52.1,401+,45.3,401+,73.1,401+,53.1,401+,48.0,401+,
501-550,,University of Salamanca,Spain,56.9,401+,56.3,358=,62.2,401+,48.9,401+,37.4,401+,
501-550,,University of Siena,Italy,49.5,401+,50.3,401+,71.4,401+,55.4,401+,42.3,401+,
501-550,,University of Trieste,Italy,49.2,401+,40.8,401+,73.1,401+,56.7,397=,48.3,401+,
501-550,501-550,University of Tromsø The Arctic University of Norway,Norway,45.9,401+,42.4,401+,74.2,401+,57.3,385=,52.7,344,
501-550,501-550,University of Warsaw,Poland,57.7,382=,66.5,178=,59.7,401+,44.5,401+,38.6,401+,
501-550,,Zagazig University,Egypt,52.0,401+,44.8,401+,69.7,401+,47.2,401+,53.0,334=,
501-550,,Zhengzhou University,China (Mainland),39.0,401+,47.1,401+,78.6,323=,71.0,129=,41.2,401+,
